family,scientificName,use
ACANTHACEAE,"Aphelandra squarrosa",Ornamental,
ACANTHACEAE,"Justicia brasiliana",Bioativo,
ACANTHACEAE,"Justicia scheidweileri",Ornamental,
ACANTHACEAE,"Mendoncia mollis",Alimentício,
ACANTHACEAE,"Ruellia bulbifera",Ornamental,
ACANTHACEAE,"Ruellia dissitifolia",Bioativo,
ACANTHACEAE,"Ruellia solitaria",Ornamental,
ACANTHACEAE,"Staurogyne anigozanthus",Ornamental,
ALISMATACEAE,"Sagittaria rhombifolia",Melífero,
ALISMATACEAE,"Sagittaria rhombifolia",Ornamental,
ALISMATACEAE,"Sagittaria rhombifolia",Bioativo,
ALISMATACEAE,"Sagittaria rhombifolia",Forrageiro,
AMARANTHACEAE,"Alternanthera sessilis",Bioativo,
AMARANTHACEAE,"Alternanthera tenella",Bioativo,
AMARANTHACEAE,"Blutaparon portulacoides",Bioativo,
AMARANTHACEAE,"Chamissoa altissima",Bioativo,
AMARANTHACEAE,"Gomphrena vaga",Bioativo,
AMARANTHACEAE,"Hebanthe eriantha",Bioativo,
AMARANTHACEAE,"Pfaffia glomerata",Ornamental,
AMARANTHACEAE,"Pfaffia glomerata",Bioativo,
AMARANTHACEAE,"Pfaffia jubata",Bioativo,
AMARYLLIDACEAE,"Eithea blumenavia",Ornamental,
AMARYLLIDACEAE,"Griffinia aracensis",Ornamental,
AMARYLLIDACEAE,"Griffinia gardneriana",Ornamental,
AMARYLLIDACEAE,"Griffinia liboniana",Ornamental,
AMARYLLIDACEAE,"Griffinia nocturna",Ornamental,
AMARYLLIDACEAE,"Griffinia parviflora",Ornamental,
AMARYLLIDACEAE,"Hippeastrum angustifolium",Ornamental,
AMARYLLIDACEAE,"Hippeastrum breviflorum",Ornamental,
AMARYLLIDACEAE,"Hippeastrum goianum",Ornamental,
AMARYLLIDACEAE,"Hippeastrum leucobasis",Ornamental,
AMARYLLIDACEAE,"Hippeastrum morelianum",Ornamental,
AMARYLLIDACEAE,"Hippeastrum morelianum",Bioativo,
AMARYLLIDACEAE,"Hippeastrum psittacinum",Ornamental,
AMARYLLIDACEAE,"Hippeastrum psittacinum",Bioativo,
AMARYLLIDACEAE,"Hippeastrum reginae",Ornamental,
AMARYLLIDACEAE,"Hippeastrum santacatarina",Ornamental,
AMARYLLIDACEAE,"Hippeastrum striatum",Alimentício,
AMARYLLIDACEAE,"Hippeastrum striatum",Bioativo,
AMARYLLIDACEAE,"Hippeastrum vittatum",Bioativo,
AMARYLLIDACEAE,"Hippeastrum vittatum",Ornamental,
AMARYLLIDACEAE,"Worsleya rayneri",Ornamental,
AMARYLLIDACEAE,"Zephyranthes candida",Ornamental,
ANACARDIACEAE,"Anacardium humile",Alimentício,
ANACARDIACEAE,"Anacardium humile",Bioativo,
ANACARDIACEAE,"Myracrodruon urundeuva",Madeireiro,
ANACARDIACEAE,"Schinopsis brasiliensis",Madeireiro,
ANACARDIACEAE,"Schinopsis brasiliensis",Ornamental,
ANNONACEAE,"Annona cacans",Ornamental,
ANNONACEAE,"Annona cacans",Alimentício,
ANNONACEAE,"Annona coriacea",Bioativo,
ANNONACEAE,"Annona coriacea",Bioativo,
ANNONACEAE,"Annona dioica",Alimentício,
ANNONACEAE,"Annona dioica",Bioativo,
ANNONACEAE,"Annona sericea",Bioativo,
ANNONACEAE,"Duguetia fufuracea",Melífero,
ANNONACEAE,"Duguetia fufuracea",Ornamental,
ANNONACEAE,"Duguetia fufuracea",Bioativo,
ANNONACEAE,"Duguetia fufuracea",Alimentício,
ANNONACEAE,"Oxandra reticulata","Energia e Combustíveis",
ANNONACEAE,"Xylopia aromatica",Bioativo,
ANNONACEAE,"Xylopia aromatica","Cosméticos e perfumaria",
ANNONACEAE,"Xylopia aromatica","Confecção de ferramentas e utensílios",
ANNONACEAE,"Xylopia aromatica",Alimentício,
ANNONACEAE,"Xylopia aromatica",Bioativo,
ANNONACEAE,"Xylopia aromatica",Madeireiro,
ANNONACEAE,"Xylopia brasiliensis",Madeireiro,
APIACEAE,"Apium prostratum",Bioativo,
APIACEAE,"Eryngium eriophorum","Confecção de ferramentas e utensílios",
APOCYNACEAE,"Aspidosperma album",Madeireiro,
APOCYNACEAE,"Aspidosperma desmanthum",Madeireiro,
APOCYNACEAE,"Aspidosperma polyneuron",Madeireiro,
AQUIFOLIACEAE,"Ilex paraguariensis",Bioativo,
ARACEAE,"Anthurium coriaceum",Ornamental,
ARACEAE,"Dieffenbachia aglaonematifolia",Ornamental,
ARACEAE,"Heteropsis flexuosa","Confecção de ferramentas e utensílios",
ARACEAE,"Heteropsis spruceana","Confecção de ferramentas e utensílios",
ARACEAE,"Lemna valdiviana","Restauração Ambiental",
ARACEAE,"Philodendron fragile",Ornamental,
ARACEAE,"Taccarum peregrinum",Bioativo,
ARACEAE,"Wolffiella oblonga","Restauração Ambiental",
ARALIACEAE,"Aralia warmingiana",Bioativo,
ARALIACEAE,"Aralia warmingiana",Madeireiro,
ARALIACEAE,"Dendropanax cuneatus",Forrageiro,
ARALIACEAE,"Oreopanax fulvus",Madeireiro,
ARAUCARIACEAE,"Araucaria angustifolia",Alimentício,
ARAUCARIACEAE,"Araucaria angustifolia",Madeireiro,
ARECACEAE,"Acrocomia emensis",Ornamental,
ARECACEAE,"Acrocomia hassleri",Ornamental,
ARECACEAE,"Aiphanes ulei",Ornamental,
ARECACEAE,"Allagoptera arenaria",Ornamental,
ARECACEAE,"Allagoptera arenaria","Confecção de ferramentas e utensílios",
ARECACEAE,"Allagoptera brevicalyx",Ornamental,
ARECACEAE,"Allagoptera brevicalyx","Gomas e resinas",
ARECACEAE,"Astrocaryum aculeatissimum",Ornamental,
ARECACEAE,"Astrocaryum aculeatissimum","Confecção de ferramentas e utensílios",
ARECACEAE,"Astrocaryum aculeatissimum",Forrageiro,
ARECACEAE,"Attalea barreirensis",Ornamental,
ARECACEAE,"Attalea barreirensis",Alimentício,
ARECACEAE,"Attalea brasiliensis",Ornamental,
ARECACEAE,"Attalea brasiliensis",Alimentício,
ARECACEAE,"Attalea brasiliensis","Gomas e resinas",
ARECACEAE,"Attalea brasiliensis","Confecção de ferramentas e utensílios",
ARECACEAE,"Attalea brasiliensis","Confecção de ferramentas e utensílios",
ARECACEAE,"Attalea funifera","Confecção de ferramentas e utensílios",
ARECACEAE,"Attalea funifera","Confecção de ferramentas e utensílios",
ARECACEAE,"Attalea funifera","Gomas e resinas",
ARECACEAE,"Attalea funifera",Alimentício,
ARECACEAE,"Attalea funifera","Confecção de ferramentas e utensílios",
ARECACEAE,"Attalea oleifera","Confecção de ferramentas e utensílios",
ARECACEAE,"Attalea oleifera","Gomas e resinas",
ARECACEAE,"Attalea oleifera",Alimentício,
ARECACEAE,"Attalea oleifera",Ornamental,
ARECACEAE,"Attalea oleifera","Energia e Combustíveis",
ARECACEAE,"Attalea phalerata","Confecção de ferramentas e utensílios",
ARECACEAE,"Attalea phalerata","Energia e Combustíveis",
ARECACEAE,"Attalea phalerata",Ornamental,
ARECACEAE,"Attalea phalerata","Energia e Combustíveis",
ARECACEAE,"Attalea phalerata","Confecção de ferramentas e utensílios",
ARECACEAE,"Attalea phalerata",Alimentício,
ARECACEAE,"Attalea tessmannii",Alimentício,
ARECACEAE,"Attalea tessmannii","Energia e Combustíveis",
ARECACEAE,"Attalea tessmannii","Confecção de ferramentas e utensílios",
ARECACEAE,"Bactris constanciae",Ornamental,
ARECACEAE,"Bactris constanciae",Alimentício,
ARECACEAE,"Bactris ferruginea","Confecção de ferramentas e utensílios",
ARECACEAE,"Bactris ferruginea",Alimentício,
ARECACEAE,"Bactris hatschbachii",Ornamental,
ARECACEAE,"Bactris pickelii",Ornamental,
ARECACEAE,"Bactris timbuiensis",Ornamental,
ARECACEAE,"Butia archeri",Ornamental,
ARECACEAE,"Butia capitata",Ornamental,
ARECACEAE,"Butia capitata","Confecção de ferramentas e utensílios",
ARECACEAE,"Butia capitata",Alimentício,
ARECACEAE,"Butia eriospatha",Alimentício,
ARECACEAE,"Butia eriospatha",Ornamental,
ARECACEAE,"Butia leiospatha",Bioativo,
ARECACEAE,"Butia leptospatha",Ornamental,
ARECACEAE,"Butia microspadix",Ornamental,
ARECACEAE,"Butia paraguayensis",Ornamental,
ARECACEAE,"Butia paraguayensis",Alimentício,
ARECACEAE,"Butia purpurascens",Alimentício,
ARECACEAE,"Butia purpurascens",Ornamental,
ARECACEAE,"Butia purpurascens","Confecção de ferramentas e utensílios",
ARECACEAE,"Butia yatay",Ornamental,
ARECACEAE,"Butia yatay",Alimentício,
ARECACEAE,"Euterpe edulis","Confecção de ferramentas e utensílios",
ARECACEAE,"Euterpe edulis",Alimentício,
ARECACEAE,"Euterpe edulis","Confecção de ferramentas e utensílios",
ARECACEAE,"Euterpe edulis",Alimentício,
ARECACEAE,"Geonoma gamiova","Confecção de ferramentas e utensílios",
ARECACEAE,"Geonoma schottiana",Ornamental,
ARECACEAE,"Geonoma schottiana","Confecção de ferramentas e utensílios",
ARECACEAE,"Itaya amicorum","Confecção de ferramentas e utensílios",
ARECACEAE,"Itaya amicorum",Ornamental,
ARECACEAE,"Lytocaryum insigne",Ornamental,
ARECACEAE,"Mauritia carana",Alimentício,
ARECACEAE,"Mauritia carana",Ornamental,
ARECACEAE,"Mauritia carana","Confecção de ferramentas e utensílios",
ARECACEAE,"Mauritia carana","Confecção de ferramentas e utensílios",
ARECACEAE,"Syagrus botryophora",Madeireiro,
ARECACEAE,"Syagrus botryophora",Ornamental,
ARECACEAE,"Syagrus botryophora",Alimentício,
ARECACEAE,"Syagrus glaucescens",Ornamental,
ARECACEAE,"Syagrus macrocarpa",Ornamental,
ARECACEAE,"Syagrus macrocarpa",Alimentício,
ARECACEAE,"Syagrus mendanhensis",Ornamental,
ARECACEAE,"Syagrus picrophylla",Alimentício,
ARECACEAE,"Syagrus picrophylla",Ornamental,
ARECACEAE,"Syagrus picrophylla",Forrageiro,
ARECACEAE,"Syagrus pseudococos",Ornamental,
ARECACEAE,"Syagrus pseudococos",Alimentício,
ARECACEAE,"Syagrus pseudococos","Confecção de ferramentas e utensílios",
ARECACEAE,"Syagrus romanzoffiana","Confecção de ferramentas e utensílios",
ARECACEAE,"Syagrus romanzoffiana",Ornamental,
ARECACEAE,"Syagrus romanzoffiana",Alimentício,
ARECACEAE,"Syagrus romanzoffiana","Energia e Combustíveis",
ARECACEAE,"Syagrus romanzoffiana",Forrageiro,
ARECACEAE,"Syagrus romanzoffiana","Confecção de ferramentas e utensílios",
ARECACEAE,"Syagrus ruschiana",Ornamental,
ARECACEAE,"Syagrus schizophylla",Ornamental,
ARECACEAE,"Syagrus schizophylla",Alimentício,
ARECACEAE,"Trithrinax brasiliensis",Alimentício,
ARECACEAE,"Trithrinax brasiliensis",Bioativo,
ARECACEAE,"Trithrinax brasiliensis",Ornamental,
ARECACEAE,"Trithrinax brasiliensis","Confecção de ferramentas e utensílios",
ARECACEAE,"Trithrinax brasiliensis","Confecção de ferramentas e utensílios",
ARECACEAE,"Wettinia drudei","Confecção de ferramentas e utensílios",
ARISTOLOCHIACEAE,"Aristolochia curviflora",Bioativo,
ARISTOLOCHIACEAE,"Aristolochia cymbifera",Bioativo,
ARISTOLOCHIACEAE,"Aristolochia labiata",Ornamental,
ARISTOLOCHIACEAE,"Aristolochia labiata",Bioativo,
ARISTOLOCHIACEAE,"Aristolochia odora",Bioativo,
ARISTOLOCHIACEAE,"Aristolochia odoratissima",Bioativo,
ASTERACEAE,"Aspilia attenuata",Bioativo,
ASTERACEAE,"Bidens bipinnata",Alimentício,
ASTERACEAE,"Bidens bipinnata",Bioativo,
ASTERACEAE,"Calea clematidea",Bioativo,
ASTERACEAE,"Conocliniopsis prasiifolia",Bioativo,
ASTERACEAE,"Egletes viscosa",Bioativo,
ASTERACEAE,"Eremanthus capitatus","Energia e Combustíveis",
ASTERACEAE,"Eremanthus crotonoides",Bioativo,
ASTERACEAE,"Lessingianthus niederleinii",Alimentício,
ASTERACEAE,"Melanthera latifolia",Forrageiro,
ASTERACEAE,"Picrosia longifolia",Bioativo,
ASTERACEAE,"Schlechtendalia luzulifolia",Ornamental,
ASTERACEAE,"Trichocline macrocephala",Bioativo,
ASTERACEAE,"Trixis pallida",Bioativo,
BALANOPHORACEAE,"Langsdorffia hypogaea","Energia e Combustíveis",
BALANOPHORACEAE,"Langsdorffia hypogaea",Alimentício,
BEGONIACEAE,"Begonia coccinea",Ornamental,
BEGONIACEAE,"Begonia descoleana",Bioativo,
BEGONIACEAE,"Begonia descoleana",Ornamental,
BEGONIACEAE,"Begonia hirtella",Bioativo,
BEGONIACEAE,"Begonia hirtella",Ornamental,
BEGONIACEAE,"Begonia hispida",Ornamental,
BEGONIACEAE,"Begonia hispida",Bioativo,
BEGONIACEAE,"Begonia itatinensis",Ornamental,
BEGONIACEAE,"Begonia itatinensis",Bioativo,
BEGONIACEAE,"Begonia paulensis",Ornamental,
BEGONIACEAE,"Begonia stenolepis",Ornamental,
BEGONIACEAE,"Begonia stenolepis",Bioativo,
BEGONIACEAE,"Begonia undulata",Bioativo,
BIGNONIACEAE,"Anemopaegma arvense","Cosméticos e perfumaria",
BIGNONIACEAE,"Anemopaegma arvense",Bioativo,
BIGNONIACEAE,"Handroanthus albus",Ornamental,
BIGNONIACEAE,"Handroanthus albus",Madeireiro,
BIGNONIACEAE,"Handroanthus heptaphyllus",Ornamental,
BIGNONIACEAE,"Handroanthus heptaphyllus",Madeireiro,
BIGNONIACEAE,"Handroanthus heptaphyllus","Confecção de ferramentas e utensílios",
BIGNONIACEAE,"Handroanthus heptaphyllus",Bioativo,
BIGNONIACEAE,"Handroanthus impetiginosus",Madeireiro,
BIGNONIACEAE,"Jacaranda macrantha","Confecção de ferramentas e utensílios",
BIGNONIACEAE,"Jacaranda puberula",Madeireiro,
BIGNONIACEAE,"Jacaranda puberula",Ornamental,
BIGNONIACEAE,"Jacaranda puberula","Restauração Ambiental",
BIGNONIACEAE,"Paratecoma peroba",Madeireiro,
BIGNONIACEAE,"Paratecoma peroba","Restauração Ambiental",
BIGNONIACEAE,"Tabebuia cassinoides",Madeireiro,
BIGNONIACEAE,"Zeyheria montana",Bioativo,
BIGNONIACEAE,"Zeyheria tuberculosa","Restauração Ambiental",
BIGNONIACEAE,"Zeyheria tuberculosa","Confecção de ferramentas e utensílios",
BIGNONIACEAE,"Zeyheria tuberculosa",Madeireiro,
BIXACEAE,"Cochlospermum regium",Bioativo,
BIXACEAE,"Cochlospermum regium",Bioativo,
BIXACEAE,"Cochlospermum regium",Bioativo,
BIXACEAE,"Cochlospermum regium",Bioativo,
BIXACEAE,"Cochlospermum regium",Bioativo,
BIXACEAE,"Bixa arborea","Confecção de ferramentas e utensílios",
BROMELIACEAE,"Aechmea amicorum",Ornamental,
BROMELIACEAE,"Aechmea apocalyptica",Ornamental,
BROMELIACEAE,"Aechmea blanchetiana",Ornamental,
BROMELIACEAE,"Aechmea calyculata",Ornamental,
BROMELIACEAE,"Aechmea candida",Ornamental,
BROMELIACEAE,"Aechmea cariocae",Ornamental,
BROMELIACEAE,"Aechmea castanea",Ornamental,
BROMELIACEAE,"Aechmea entringeri",Ornamental,
BROMELIACEAE,"Aechmea fosteriana",Ornamental,
BROMELIACEAE,"Aechmea gamosepala",Ornamental,
BROMELIACEAE,"Aechmea kertesziae",Ornamental,
BROMELIACEAE,"Aechmea kleinii",Ornamental,
BROMELIACEAE,"Aechmea pectinata",Ornamental,
BROMELIACEAE,"Aechmea pimenti-velosoi",Ornamental,
BROMELIACEAE,"Aechmea recurvata var. ortgiesii",Ornamental,
BROMELIACEAE,"Aechmea sphaerocephala",Ornamental,
BROMELIACEAE,"Aechmea winkleri",Ornamental,
BROMELIACEAE,"Alcantarea benzingii",Ornamental,
BROMELIACEAE,"Alcantarea duarteana","Confecção de ferramentas e utensílios",
BROMELIACEAE,"Alcantarea geniculata",Ornamental,
BROMELIACEAE,"Alcantarea glaziouana",Ornamental,
BROMELIACEAE,"Alcantarea imperialis",Ornamental,
BROMELIACEAE,"Alcantarea roberto-kautskyi",Ornamental,
BROMELIACEAE,"Ananas fritzmuelleri",Ornamental,
BROMELIACEAE,"Araeococcus parviflorus",Ornamental,
BROMELIACEAE,"Araeococcus parviflorus",Alimentício,
BROMELIACEAE,"Araeococcus parviflorus",Bioativo,
BROMELIACEAE,"Billbergia alfonsijoannis",Ornamental,
BROMELIACEAE,"Billbergia nutans",Ornamental,
BROMELIACEAE,"Billbergia pyramidalis",Ornamental,
BROMELIACEAE,"Billbergia zebrina",Ornamental,
BROMELIACEAE,"Bromelia balansae",Ornamental,
BROMELIACEAE,"Canistrum aurantiacum",Ornamental,
BROMELIACEAE,"Cryptanthus zonatus",Ornamental,
BROMELIACEAE,"Dyckia brevifolia",Ornamental,
BROMELIACEAE,"Dyckia cabrerae",Ornamental,
BROMELIACEAE,"Dyckia distachya",Ornamental,
BROMELIACEAE,"Dyckia encholirioides",Ornamental,
BROMELIACEAE,"Dyckia fosteriana",Ornamental,
BROMELIACEAE,"Dyckia ibiramensis",Ornamental,
BROMELIACEAE,"Dyckia maritima",Ornamental,
BROMELIACEAE,"Dyckia maritima",Ornamental,
BROMELIACEAE,"Dyckia monticola",Ornamental,
BROMELIACEAE,"Dyckia tuberosa",Ornamental,
BROMELIACEAE,"Guzmania monostachia",Ornamental,
BROMELIACEAE,"Guzmania monostachia",Forrageiro,
BROMELIACEAE,"Hohenbergia augusta",Ornamental,
BROMELIACEAE,"Hohenbergia correia-araujoi",Ornamental,
BROMELIACEAE,"Hohenbergia littoralis",Ornamental,
BROMELIACEAE,"Nidularium mangaratibense",Ornamental,
BROMELIACEAE,"Pitcairnia glaziovii",Ornamental,
BROMELIACEAE,"Portea alatisepala",Ornamental,
BROMELIACEAE,"Tillandsia aeranthos",Ornamental,
BROMELIACEAE,"Tillandsia aeranthos",Bioativo,
BROMELIACEAE,"Tillandsia araujei",Ornamental,
BROMELIACEAE,"Tillandsia gardneri",Ornamental,
BROMELIACEAE,"Tillandsia geminiflora",Ornamental,
BROMELIACEAE,"Tillandsia mallemontii",Ornamental,
BROMELIACEAE,"Tillandsia streptocarpa",Bioativo,
BROMELIACEAE,"Tillandsia streptocarpa",Ornamental,
BROMELIACEAE,"Tillandsia tenuifolia",Ornamental,
BROMELIACEAE,"Tillandsia usneoides",Bioativo,
BROMELIACEAE,"Tillandsia usneoides","Confecção de ferramentas e utensílios",
BROMELIACEAE,"Tillandsia usneoides",Forrageiro,
BROMELIACEAE,"Tillandsia usneoides",Ornamental,
BROMELIACEAE,"Tillandsia xiphioides",Bioativo,
BROMELIACEAE,"Vriesea biguassuensis",Ornamental,
BROMELIACEAE,"Vriesea brusquensis",Ornamental,
BROMELIACEAE,"Vriesea carinata",Ornamental,
BROMELIACEAE,"Vriesea corcovadensis",Ornamental,
BROMELIACEAE,"Vriesea flammea",Ornamental,
BROMELIACEAE,"Vriesea flava",Ornamental,
BROMELIACEAE,"Vriesea fosteriana",Ornamental,
BROMELIACEAE,"Vriesea friburgensis var. tucumanensis",Ornamental,
BROMELIACEAE,"Vriesea gigantea",Ornamental,
BROMELIACEAE,"Vriesea goniorachis",Ornamental,
BROMELIACEAE,"Vriesea harrylutheri",Ornamental,
BROMELIACEAE,"Vriesea hieroglyphica",Ornamental,
BROMELIACEAE,"Vriesea incurvata",Ornamental,
BROMELIACEAE,"Vriesea lubbersii",Ornamental,
BROMELIACEAE,"Vriesea pastuchoffiana",Ornamental,
BROMELIACEAE,"Vriesea philippocoburgii",Ornamental,
BROMELIACEAE,"Vriesea pinottii",Ornamental,
BROMELIACEAE,"Vriesea platynema",Ornamental,
BROMELIACEAE,"Vriesea platzmannii",Ornamental,
BROMELIACEAE,"Vriesea psittacina",Ornamental,
BROMELIACEAE,"Vriesea racinae",Ornamental,
BROMELIACEAE,"Vriesea rubyae",Ornamental,
BROMELIACEAE,"Vriesea scalaris",Ornamental,
BROMELIACEAE,"Vriesea sucrei",Ornamental,
BROMELIACEAE,"Vriesea thyrsoidea",Ornamental,
BROMELIACEAE,"Vriesea triligulata",Ornamental,
BROMELIACEAE,"Vriesea vidalii",Ornamental,
BROMELIACEAE,"Wittrockia superba",Ornamental,
BURSERACEAE,"Bursera simaruba",Bioativo,
BURSERACEAE,"Bursera simaruba",Madeireiro,
CABOMBACEAE,"Cabomba caroliniana",Ornamental,
CABOMBACEAE,"Cabomba furcata",Ornamental,
CACTACEAE,"Melocactus violaceus",Ornamental,
CACTACEAE,"Pilosocereus arrabidae",Ornamental,
CACTACEAE,"Pilosocereus arrabidae",Alimentício,
CACTACEAE,"Pilosocereus piauhyensis",Bioativo,
CALYCERACEAE,"Acicarpha tribuloides",Bioativo,
CAPPARACEAE,"Crateva tapia",Bioativo,
CARICACEAE,"Jacaratia spinosa",Madeireiro,
CARICACEAE,"Jacaratia spinosa",Ornamental,
CARICACEAE,"Jacaratia spinosa","Restauração Ambiental",
CARYOCARACEAE,"Caryocar brasiliense",Bioativo,
CARYOCARACEAE,"Caryocar brasiliense",Alimentício,
CARYOCARACEAE,"Caryocar coriaceum",Alimentício,
CARYOCARACEAE,"Caryocar coriaceum",Bioativo,
CARYOCARACEAE,"Caryocar coriaceum","Cosméticos e perfumaria",
CARYOCARACEAE,"Caryocar coriaceum",Forrageiro,
CARYOCARACEAE,"Caryocar edule",Madeireiro,
CARYOCARACEAE,"Caryocar edule",Bioativo,
CELASTRACEAE,"Maytenus aquifolia",Bioativo,
CELASTRACEAE,"Maytenus boaria",Bioativo,
CELASTRACEAE,"Maytenus boaria",Madeireiro,
CELASTRACEAE,"Maytenus ilicifolia",Bioativo,
CELASTRACEAE,"Maytenus robusta",Ornamental,
CELASTRACEAE,"Maytenus robusta",Bioativo,
CHRYSOBALANACEAE,"Couepia carautae",Madeireiro,
CHRYSOBALANACEAE,"Licania belemii",Madeireiro,
CISTACEAE,"Helianthemum brasiliense",Ornamental,
CLETHRACEAE,"Clethra scabra","Confecção de ferramentas e utensílios",
CLETHRACEAE,"Clethra scabra","Energia e Combustíveis",
COSTACEAE,"Chamaecostus cuspidatus",Ornamental,
COSTACEAE,"Costus scaber",Bioativo,
COSTACEAE,"Costus scaber",Bioativo,
CUCURBITACEAE,"Cayaponia bonariensis",Bioativo,
CUCURBITACEAE,"Cayaponia espelina",Bioativo,
CUCURBITACEAE,"Cayaponia trilobata",Bioativo,
CUCURBITACEAE,"Ceratosanthes hilariana",Bioativo,
CUNONIACEAE,"Weinmannia paulliniifolia","Confecção de ferramentas e utensílios",
CUNONIACEAE,"Weinmannia paulliniifolia","Energia e Combustíveis",
CUNONIACEAE,"Weinmannia paulliniifolia","Restauração Ambiental",
CUNONIACEAE,"Weinmannia paulliniifolia",Ornamental,
CUNONIACEAE,"Weinmannia paulliniifolia",Madeireiro,
CYPERACEAE,"Bulbostylis smithii",Ornamental,
CYPERACEAE,"Cyperus giganteus","Confecção de ferramentas e utensílios",
CYPERACEAE,"Rhynchospora warmingii",Ornamental,
DICKSONIACEAE,"Dicksonia sellowiana",Ornamental,
DICKSONIACEAE,"Dicksonia sellowiana","Confecção de ferramentas e utensílios",
DIOSCOREACEAE,"Dioscorea campestris",Bioativo,
DIOSCOREACEAE,"Dioscorea stegelmanniana",Bioativo,
DRYOPTERIDACEAE,"Elaphoglossum gayanum",Bioativo,
EBENACEAE,"Diospyros duartei",Ornamental,
ELAEOCARPACEAE,"Sloanea obtusifolia",Madeireiro,
ERIOCAULACEAE,"Comanthera elegans",Ornamental,
ERIOCAULACEAE,"Comanthera mucugensis",Ornamental,
ERIOCAULACEAE,"Comanthera suberosa",Ornamental,
ERYTHROXYLACEAE,"Erythroxylum bezerrae",Forrageiro,
EUPHORBIACEAE,"Euphorbia gymnoclada",Ornamental,
EUPHORBIACEAE,"Joannesia princeps",Ornamental,
EUPHORBIACEAE,"Joannesia princeps",Bioativo,
EUPHORBIACEAE,"Joannesia princeps","Restauração Ambiental",
FABACEAE,"Amburana acreana",Madeireiro,
FABACEAE,"Apuleia leiocarpa",Ornamental,
FABACEAE,"Apuleia leiocarpa",Bioativo,
FABACEAE,"Apuleia leiocarpa","Restauração Ambiental",
FABACEAE,"Apuleia leiocarpa","Energia e Combustíveis",
FABACEAE,"Apuleia leiocarpa",Melífero,
FABACEAE,"Apuleia leiocarpa",Madeireiro,
FABACEAE,"Bowdichia virgilioides",Ornamental,
FABACEAE,"Bowdichia virgilioides",Madeireiro,
FABACEAE,"Caesalpinia echinata",Madeireiro,
FABACEAE,"Caesalpinia echinata","Confecção de ferramentas e utensílios",
FABACEAE,"Caesalpinia echinata","Confecção de ferramentas e utensílios",
FABACEAE,"Caesalpinia echinata",Ornamental,
FABACEAE,"Centrolobium paraense",Madeireiro,
FABACEAE,"Centrolobium sclerophyllum",Bioativo,
FABACEAE,"Centrolobium tomentosum","Restauração Ambiental",
FABACEAE,"Centrolobium tomentosum","Confecção de ferramentas e utensílios",
FABACEAE,"Centrolobium tomentosum",Alimentício,
FABACEAE,"Centrolobium tomentosum",Ornamental,
FABACEAE,"Centrolobium tomentosum",Madeireiro,
FABACEAE,"Centrosema pubescens",Forrageiro,
FABACEAE,"Chloroleucon tortum",Madeireiro,
FABACEAE,"Chloroleucon tortum",Ornamental,
FABACEAE,"Chloroleucon tortum",Alimentício,
FABACEAE,"Chloroleucon tortum","Restauração Ambiental",
FABACEAE,"Chloroleucon tortum",Ornamental,
FABACEAE,"Dalbergia nigra",Madeireiro,
FABACEAE,"Galactia striata",Bioativo,
FABACEAE,"Inga blanchetiana","Restauração Ambiental",
FABACEAE,"Inga bullata","Restauração Ambiental",
FABACEAE,"Inga lentiscifolia",Alimentício,
FABACEAE,"Inga lentiscifolia","Confecção de ferramentas e utensílios",
FABACEAE,"Inga sellowiana",Madeireiro,
FABACEAE,"Inga sellowiana",Alimentício,
FABACEAE,"Machaerium nyctitans","Confecção de ferramentas e utensílios",
FABACEAE,"Machaerium nyctitans",Ornamental,
FABACEAE,"Machaerium nyctitans","Restauração Ambiental",
FABACEAE,"Melanoxylon brauna",Madeireiro,
FABACEAE,"Melanoxylon brauna",Ornamental,
FABACEAE,"Melanoxylon brauna","Restauração Ambiental",
FABACEAE,"Mimosa caesalpiniifolia",Ornamental,
FABACEAE,"Mimosa caesalpiniifolia",Madeireiro,
FABACEAE,"Mimosa verrucosa",Melífero,
FABACEAE,"Mimosa verrucosa",Forrageiro,
FABACEAE,"Mimosa verrucosa","Energia e Combustíveis",
FABACEAE,"Mimosa verrucosa",Ornamental,
FABACEAE,"Myrocarpus frondosus",Madeireiro,
FABACEAE,"Myrocarpus frondosus",Bioativo,
FABACEAE,"Myroxylon peruiferum",Madeireiro,
FABACEAE,"Peltogyne maranhensis","Confecção de ferramentas e utensílios",
FABACEAE,"Plathymenia reticulata",Ornamental,
FABACEAE,"Plathymenia reticulata","Restauração Ambiental",
FABACEAE,"Poecilanthe parviflora",Ornamental,
FABACEAE,"Pterocarpus santalinoides","Gomas e resinas",
FABACEAE,"Pterocarpus santalinoides",Bioativo,
FABACEAE,"Pterogyne nitens",Madeireiro,
FABACEAE,"Pterogyne nitens",Ornamental,
FABACEAE,"Pterogyne nitens","Restauração Ambiental",
FABACEAE,"Stryphnodendron adstringens",Bioativo,
FABACEAE,"Swartzia acutifolia",Madeireiro,
FABACEAE,"Swartzia flaemingii","Energia e Combustíveis",
FABACEAE,"Swartzia flaemingii",Ornamental,
FABACEAE,"Swartzia pickelii",Madeireiro,
FABACEAE,"Tachigali densiflora",Ornamental,
FABACEAE,"Tachigali densiflora",Bioativo,
FABACEAE,"Tachigali densiflora",Madeireiro,
FABACEAE,"Tachigali densiflora","Energia e Combustíveis",
FABACEAE,"Tachigali densiflora","Restauração Ambiental",
FABACEAE,"Tachigali denudata","Restauração Ambiental",
FABACEAE,"Tachigali denudata",Madeireiro,
FABACEAE,"Tachigali denudata",Ornamental,
FABACEAE,"Tachigali rugosa",Madeireiro,
FABACEAE,"Trifolium argentinense",Forrageiro,
GENTIANACEAE,"Schultesia guianensis",Bioativo,
GESNERIACEAE,"Columnea sanguinea",Ornamental,
GESNERIACEAE,"Drymonia serrulata",Ornamental,
GESNERIACEAE,"Mandirola ichthyostoma",Ornamental,
GESNERIACEAE,"Paliavana tenuiflora",Ornamental,
GESNERIACEAE,"Seemannia sylvatica",Ornamental,
GESNERIACEAE,"Sinningia aghensis",Ornamental,
GESNERIACEAE,"Sinningia araneosa",Ornamental,
GESNERIACEAE,"Sinningia barbata",Ornamental,
GESNERIACEAE,"Sinningia canescens",Ornamental,
GESNERIACEAE,"Sinningia carangolensis",Ornamental,
GESNERIACEAE,"Sinningia cardinalis",Ornamental,
GESNERIACEAE,"Sinningia cochlearis",Ornamental,
GESNERIACEAE,"Sinningia conspicua",Ornamental,
GESNERIACEAE,"Sinningia cooperi",Ornamental,
GESNERIACEAE,"Sinningia curtiflora",Ornamental,
GESNERIACEAE,"Sinningia elatior",Ornamental,
GESNERIACEAE,"Sinningia glazioviana",Ornamental,
GESNERIACEAE,"Sinningia guttata",Ornamental,
GESNERIACEAE,"Sinningia hatschbachii",Ornamental,
GESNERIACEAE,"Sinningia hirsuta",Ornamental,
GESNERIACEAE,"Sinningia iarae",Ornamental,
GESNERIACEAE,"Sinningia insularis",Ornamental,
GESNERIACEAE,"Sinningia kautskyi",Ornamental,
GESNERIACEAE,"Sinningia lindleyi",Ornamental,
GESNERIACEAE,"Sinningia lineata",Ornamental,
GESNERIACEAE,"Sinningia macropoda",Ornamental,
GESNERIACEAE,"Sinningia magnifica",Ornamental,
GESNERIACEAE,"Sinningia micans",Ornamental,
GESNERIACEAE,"Sinningia piresiana",Ornamental,
GESNERIACEAE,"Sinningia rupicola",Ornamental,
GESNERIACEAE,"Sinningia sceptrum",Ornamental,
GESNERIACEAE,"Sinningia speciosa",Ornamental,
GESNERIACEAE,"Sinningia tuberosa",Ornamental,
GESNERIACEAE,"Sinningia villosa",Ornamental,
GESNERIACEAE,"Sinningia warmingii",Ornamental,
GESNERIACEAE,"Vanhouttea calcarata",Ornamental,
GESNERIACEAE,"Vanhouttea lanata",Ornamental,
GESNERIACEAE,"Vanhouttea pendula",Ornamental,
HELICONIACEAE,"Heliconia farinosa",Ornamental,
HUMIRIACEAE,"Humiriastrum spiritu-sancti",Madeireiro,
IRIDACEAE,"Neomarica glauca",Ornamental,
IRIDACEAE,"Neomarica longifolia",Ornamental,
IRIDACEAE,"Neomarica sabinii",Ornamental,
ISOETACEAE,"Isoetes martii",Bioativo,
LACISTEMATACEAE,"Lacistema lucidum","Confecção de ferramentas e utensílios",
LAMIACEAE,"Cunila fasciculata",Alimentício,
LAMIACEAE,"Cunila fasciculata",Bioativo,
LAMIACEAE,"Cunila incana",Bioativo,
LAMIACEAE,"Eriope blanchetii",Bioativo,
LAMIACEAE,"Hesperozygis ringens",Bioativo,
LAMIACEAE,"Hyptis paludosa",Bioativo,
LAMIACEAE,"Hyptis sancti-gabrielii",Bioativo,
LAMIACEAE,"Hyptis tetracephala",Bioativo,
LAMIACEAE,"Ocimum nudicaule",Bioativo,
LAMIACEAE,"Ocimum ovatum",Bioativo,
LAMIACEAE,"Salvia uliginosa",Bioativo,
LAURACEAE,"Aiouea trinervis",Bioativo,
LAURACEAE,"Aiouea trinervis",Bioativo,
LAURACEAE,"Aniba ferrea","Cosméticos e perfumaria",
LAURACEAE,"Aniba rosaeodora","Cosméticos e perfumaria",
LAURACEAE,"Aniba santalodora",Madeireiro,
LAURACEAE,"Aniba santalodora","Cosméticos e perfumaria",
LAURACEAE,"Beilschmiedia rigida",Madeireiro,
LAURACEAE,"Dicypellium caryophyllaceum",Alimentício,
LAURACEAE,"Dicypellium caryophyllaceum","Cosméticos e perfumaria",
LAURACEAE,"Dicypellium caryophyllaceum",Bioativo,
LAURACEAE,"Dicypellium caryophyllaceum","Confecção de ferramentas e utensílios",
LAURACEAE,"Dicypellium caryophyllaceum","Confecção de ferramentas e utensílios",
LAURACEAE,"Mezilaurus itauba","Confecção de ferramentas e utensílios",
LAURACEAE,"Mezilaurus navalium",Madeireiro,
LAURACEAE,"Nectandra angustifolia",Bioativo,
LAURACEAE,"Nectandra angustifolia",Madeireiro,
LAURACEAE,"Nectandra cissiflora",Madeireiro,
LAURACEAE,"Nectandra matogrossensis","Restauração Ambiental",
LAURACEAE,"Nectandra psammophila","Confecção de ferramentas e utensílios",
LAURACEAE,"Nectandra grandiflora",Madeireiro,
LAURACEAE,"Nectandra grandiflora",Bioativo,
LAURACEAE,"Ocotea aciphylla",Bioativo,
LAURACEAE,"Ocotea aciphylla",Madeireiro,
LAURACEAE,"Ocotea catharinensis","Confecção de ferramentas e utensílios",
LAURACEAE,"Ocotea cymbarum","Cosméticos e perfumaria",
LAURACEAE,"Ocotea cymbarum",Bioativo,
LAURACEAE,"Ocotea cymbarum",Madeireiro,
LAURACEAE,"Ocotea cymbarum",Bioativo,
LAURACEAE,"Ocotea lancifolia",Bioativo,
LAURACEAE,"Ocotea odorifera","Cosméticos e perfumaria",
LAURACEAE,"Ocotea odorifera",Madeireiro,
LAURACEAE,"Ocotea porosa",Madeireiro,
LAURACEAE,"Ocotea puberula",Ornamental,
LAURACEAE,"Ocotea puberula",Bioativo,
LAURACEAE,"Ocotea puberula","Restauração Ambiental",
LAURACEAE,"Ocotea puberula",Madeireiro,
LAURACEAE,"Ocotea tabacifolia","Confecção de ferramentas e utensílios",
LAURACEAE,"Rhodostemonodaphne capixabensis",Ornamental,
LAURACEAE,"Urbanodendron bahiense","Confecção de ferramentas e utensílios",
LAURACEAE,"Urbanodendron verrucosum","Confecção de ferramentas e utensílios",
LECYTHIDACEAE,"Allantoma uaupensis",Bioativo,
LECYTHIDACEAE,"Bertholletia excelsa",Madeireiro,
LECYTHIDACEAE,"Bertholletia excelsa","Confecção de ferramentas e utensílios",
LECYTHIDACEAE,"Bertholletia excelsa",Alimentício,
LECYTHIDACEAE,"Cariniana legalis","Confecção de ferramentas e utensílios",
LECYTHIDACEAE,"Couratari asterotricha","Confecção de ferramentas e utensílios",
LECYTHIDACEAE,"Couratari asterotricha",Ornamental,
LECYTHIDACEAE,"Couratari tauari",Bioativo,
LECYTHIDACEAE,"Couratari tauari","Confecção de ferramentas e utensílios",
LECYTHIDACEAE,"Couroupita guianensis","Confecção de ferramentas e utensílios",
LECYTHIDACEAE,"Lecythis lurida",Madeireiro,
LOGANIACEAE,"Strychnos gardneri",Bioativo,
LOGANIACEAE,"Strychnos gardneri",Bioativo,
LOGANIACEAE,"Strychnos nigricans",Bioativo,
LOGANIACEAE,"Strychnos rubiginosa",Bioativo,
LOGANIACEAE,"Strychnos trinervis",Bioativo,
LOGANIACEAE,"Strychnos trinervis",Bioativo,
LYCOPODIACEAE,"Huperzia quadrifariata",Ornamental,
MALPIGHIACEAE,"Byrsonima coccolobifolia",Alimentício,
MALPIGHIACEAE,"Byrsonima coccolobifolia",Bioativo,
MALPIGHIACEAE,"Byrsonima coccolobifolia",Alimentício,
MALPIGHIACEAE,"Byrsonima coccolobifolia","Energia e Combustíveis",
MALPIGHIACEAE,"Byrsonima japurensis",Bioativo,
MALPIGHIACEAE,"Camarea affinis",Bioativo,
MALPIGHIACEAE,"Camarea ericoides",Bioativo,
MALPIGHIACEAE,"Stigmaphyllon vitifolium",Ornamental,
MALVACEAE,"Abutilon venosum",Ornamental,
MALVACEAE,"Cienfuegosia drummondii",Bioativo,
MALVACEAE,"Eriotheca pubescens",Ornamental,
MALVACEAE,"Eriotheca pubescens","Restauração Ambiental",
MALVACEAE,"Hibiscus bifurcatus",Ornamental,
MALVACEAE,"Pavonia hastata",Bioativo,
MALVACEAE,"Pavonia multiflora",Ornamental,
MALVACEAE,"Pseudobombax grandiflorum","Restauração Ambiental",
MALVACEAE,"Pseudobombax tomentosum","Restauração Ambiental",
MALVACEAE,"Pseudobombax tomentosum",Ornamental,
MALVACEAE,"Waltheria communis",Bioativo,
MARANTACEAE,"Maranta bicolor",Ornamental,
MARANTACEAE,"Thalia multiflora",Bioativo,
MARTYNIACEAE,"Ibicella lutea",Bioativo,
MARTYNIACEAE,"Craniolaria integrifolia",Bioativo,
MELASTOMATACEAE,"Huberia semiserrata",Ornamental,
MELASTOMATACEAE,"Pterolepis glomerata",Bioativo,
MELASTOMATACEAE,"Tibouchina candolleana",Ornamental,
MELIACEAE,"Cedrela fissilis",Bioativo,
MELIACEAE,"Cedrela fissilis",Melífero,
MELIACEAE,"Cedrela fissilis",Ornamental,
MELIACEAE,"Cedrela fissilis","Confecção de ferramentas e utensílios",
MELIACEAE,"Cedrela fissilis","Restauração Ambiental",
MELIACEAE,"Cedrela odorata",Madeireiro,
MELIACEAE,"Trichilia lepidota","Confecção de ferramentas e utensílios",
MELIACEAE,"Trichilia lepidota","Energia e Combustíveis",
MELIACEAE,"Trichilia lepidota",Madeireiro,
MENISPERMACEAE,"Anomospermum reticulatum subsp. nitidum",Bioativo,
MENISPERMACEAE,"Chondrodendron platiphyllum",Bioativo,
MENISPERMACEAE,"Cissampelos pareira",Bioativo,
MONIMIACEAE,"Mollinedia argyrogyna",Bioativo,
MONIMIACEAE,"Mollinedia ovata",Bioativo,
MORACEAE,"Brosimum glaziovii",Madeireiro,
MORACEAE,"Brosimum glaziovii",Alimentício,
MORACEAE,"Brosimum glaziovii",Bioativo,
MORACEAE,"Brosimum lactescens",Madeireiro,
MORACEAE,"Dorstenia arifolia",Bioativo,
MORACEAE,"Dorstenia arifolia",Ornamental,
MORACEAE,"Dorstenia arifolia",Bioativo,
MORACEAE,"Dorstenia brasiliensis",Bioativo,
MORACEAE,"Dorstenia cayapia",Bioativo,
MORACEAE,"Dorstenia gracilis",Ornamental,
MORACEAE,"Ficus albert-smithii",Bioativo,
MORACEAE,"Ficus albert-smithii",Alimentício,
MORACEAE,"Ficus amazonica",Bioativo,
MORACEAE,"Ficus aripuanensis",Bioativo,
MORACEAE,"Ficus catappifolia",Ornamental,
MORACEAE,"Ficus cyclophylla",Alimentício,
MORACEAE,"Ficus cyclophylla",Ornamental,
MORACEAE,"Ficus hirsuta",Bioativo,
MORACEAE,"Ficus hirsuta",Bioativo,
MORACEAE,"Ficus mexiae",Ornamental,
MORACEAE,"Ficus monckii",Madeireiro,
MORACEAE,"Ficus pulchella",Madeireiro,
MORACEAE,"Helicostylis tomentosa",Alimentício,
MORACEAE,"Helicostylis tomentosa",Bioativo,
MORACEAE,"Helicostylis tomentosa",Bioativo,
MORACEAE,"Helicostylis tomentosa",Madeireiro,
MORACEAE,"Naucleopsis oblongifolia",Bioativo,
MORACEAE,"Sorocea guilleminiana",Bioativo,
MYRISTICACEAE,"Virola bicuhyba",Madeireiro,
MYRISTICACEAE,"Virola bicuhyba","Cosméticos e perfumaria",
MYRISTICACEAE,"Virola bicuhyba","Energia e Combustíveis",
MYRISTICACEAE,"Virola bicuhyba",Bioativo,
MYRISTICACEAE,"Virola surinamensis",Bioativo,
MYRISTICACEAE,"Virola surinamensis","Restauração Ambiental",
MYRISTICACEAE,"Virola surinamensis",Madeireiro,
MYRTACEAE,"Calyptranthes restingae",Bioativo,
MYRTACEAE,"Campomanesia phaea",Alimentício,
MYRTACEAE,"Campomanesia schlechtendaliana",Alimentício,
MYRTACEAE,"Eugenia klotzschiana",Alimentício,
MYRTACEAE,"Plinia edulis",Alimentício,
OLACACEAE,"Minquartia guianensis",Madeireiro,
OLACACEAE,"Minquartia guianensis",Bioativo,
OLACACEAE,"Ptychopetalum olacoides",Bioativo,
ONAGRACEAE,"Fuchsia regia",Ornamental,
ORCHIDACEAE,"Encyclia argentinensis",Ornamental,
ORCHIDACEAE,"Acianthera aphthosa",Ornamental,
ORCHIDACEAE,"Alatiglossum longipes",Ornamental,
ORCHIDACEAE,"Anneliesia cuneata",Ornamental,
ORCHIDACEAE,"Aspasia lunata",Ornamental,
ORCHIDACEAE,"Bifrenaria silvana",Ornamental,
ORCHIDACEAE,"Brasilidium crispum",Ornamental,
ORCHIDACEAE,"Brasilidium gardneri",Ornamental,
ORCHIDACEAE,"Brasilidium gravesianum",Ornamental,
ORCHIDACEAE,"Brasilidium praetextum",Ornamental,
ORCHIDACEAE,"Brasilidium concolor",Ornamental,
ORCHIDACEAE,"Brasiliorchis schunkeana",Ornamental,
ORCHIDACEAE,"Brassia arachnoidea",Ornamental,
ORCHIDACEAE,"Bulbophyllum weddellii",Ornamental,
ORCHIDACEAE,"Camaridium micranthum",Ornamental,
ORCHIDACEAE,"Capanemia superflua",Ornamental,
ORCHIDACEAE,"Catasetum atratum",Ornamental,
ORCHIDACEAE,"Catasetum atratum",Bioativo,
ORCHIDACEAE,"Cattleya aclandiae",Ornamental,
ORCHIDACEAE,"Cattleya amethystoglossa",Ornamental,
ORCHIDACEAE,"Cattleya bicolor",Ornamental,
ORCHIDACEAE,"Cattleya dormaniana",Ornamental,
ORCHIDACEAE,"Cattleya granulosa",Ornamental,
ORCHIDACEAE,"Cattleya guttata",Ornamental,
ORCHIDACEAE,"Cattleya harrisoniana",Ornamental,
ORCHIDACEAE,"Cattleya intermedia",Ornamental,
ORCHIDACEAE,"Cattleya labiata",Ornamental,
ORCHIDACEAE,"Cattleya nobilior","Gomas e resinas",
ORCHIDACEAE,"Cattleya nobilior",Ornamental,
ORCHIDACEAE,"Cattleya porphyroglossa",Ornamental,
ORCHIDACEAE,"Cattleya schilleriana",Ornamental,
ORCHIDACEAE,"Cattleya schofieldiana",Ornamental,
ORCHIDACEAE,"Cattleya tenuis",Ornamental,
ORCHIDACEAE,"Cattleya tigrina",Ornamental,
ORCHIDACEAE,"Cattleya velutina",Ornamental,
ORCHIDACEAE,"Cattleya walkeriana",Ornamental,
ORCHIDACEAE,"Cattleya warneri",Ornamental,
ORCHIDACEAE,"Centroglossa macroceras",Ornamental,
ORCHIDACEAE,"Chloraea membranacea",Ornamental,
ORCHIDACEAE,"Cirrhaea dependens",Ornamental,
ORCHIDACEAE,"Cirrhaea fuscolutea",Ornamental,
ORCHIDACEAE,"Cirrhaea loddigesii",Ornamental,
ORCHIDACEAE,"Warczewiczella wailesiana",Ornamental,
ORCHIDACEAE,"Cohniella jonesiana",Ornamental,
ORCHIDACEAE,"Constantia cipoensis",Ornamental,
ORCHIDACEAE,"Coppensia varicosa",Ornamental,
ORCHIDACEAE,"Coryanthes speciosa",Ornamental,
ORCHIDACEAE,"Cyrtopodium flavum",Bioativo,
ORCHIDACEAE,"Cyrtopodium gigas",Bioativo,
ORCHIDACEAE,"Cyrtopodium gigas",Ornamental,
ORCHIDACEAE,"Cyrtopodium palmifrons",Ornamental,
ORCHIDACEAE,"Dimerandra emarginata",Ornamental,
ORCHIDACEAE,"Dungsia harpophylla",Ornamental,
ORCHIDACEAE,"Dungsia kautskyi",Ornamental,
ORCHIDACEAE,"Encyclia advena",Ornamental,
ORCHIDACEAE,"Epidendrum cristatum",Ornamental,
ORCHIDACEAE,"Epidendrum hololeucum",Ornamental,
ORCHIDACEAE,"Epidendrum vesicatum",Ornamental,
ORCHIDACEAE,"Erycina pusilla",Ornamental,
ORCHIDACEAE,"Galeandra beyrichii",Ornamental,
ORCHIDACEAE,"Galeandra cristata",Ornamental,
ORCHIDACEAE,"Gongora quinquenervis",Ornamental,
ORCHIDACEAE,"Hadrolaelia brevipedunculata",Ornamental,
ORCHIDACEAE,"Hadrolaelia coccinea",Ornamental,
ORCHIDACEAE,"Hadrolaelia grandis",Ornamental,
ORCHIDACEAE,"Hadrolaelia perrinii",Ornamental,
ORCHIDACEAE,"Hadrolaelia pumila",Ornamental,
ORCHIDACEAE,"Hadrolaelia pygmaea",Ornamental,
ORCHIDACEAE,"Hadrolaelia sincorana",Ornamental,
ORCHIDACEAE,"Hadrolaelia tenebrosa",Ornamental,
ORCHIDACEAE,"Hadrolaelia virens",Ornamental,
ORCHIDACEAE,"Hadrolaelia wittigiana",Ornamental,
ORCHIDACEAE,"Hadrolaelia xanthina",Ornamental,
ORCHIDACEAE,"Hadrolaelia purpurata",Ornamental,
ORCHIDACEAE,"Hadrolaelia alaori",Ornamental,
ORCHIDACEAE,"Hadrolaelia jongheana",Ornamental,
ORCHIDACEAE,"Hadrolaelia lobata",Ornamental,
ORCHIDACEAE,"Heterotaxis sessilis",Ornamental,
ORCHIDACEAE,"Heterotaxis valenzuelana",Ornamental,
ORCHIDACEAE,"Hoffmannseggella briegeri",Ornamental,
ORCHIDACEAE,"Hoffmannseggella caulescens",Ornamental,
ORCHIDACEAE,"Hoffmannseggella crispata",Ornamental,
ORCHIDACEAE,"Hoffmannseggella endsfeldzii",Ornamental,
ORCHIDACEAE,"Hoffmannseggella ghillanyi",Ornamental,
ORCHIDACEAE,"Hoffmannseggella milleri",Ornamental,
ORCHIDACEAE,"Hoffmannseggella gloedeniana",Ornamental,
ORCHIDACEAE,"Hoffmannseggella kautskyana",Ornamental,
ORCHIDACEAE,"Hoffmannseggella mixta",Ornamental,
ORCHIDACEAE,"Hoffmannseggella cinnabarina",Ornamental,
ORCHIDACEAE,"Houlletia brocklehurstiana",Ornamental,
ORCHIDACEAE,"Huntleya meleagris",Ornamental,
ORCHIDACEAE,"Ionopsis utricularioides",Ornamental,
ORCHIDACEAE,"Isabelia violacea",Ornamental,
ORCHIDACEAE,"Isabelia virginalis",Ornamental,
ORCHIDACEAE,"Jacquiniella globosa",Ornamental,
ORCHIDACEAE,"Koellensteinia tricolor",Ornamental,
ORCHIDACEAE,"Lankesterella ceracifolia",Ornamental,
ORCHIDACEAE,"Lepanthopsis densiflora",Ornamental,
ORCHIDACEAE,"Lepanthopsis floripecten",Ornamental,
ORCHIDACEAE,"Leptotes bicolor",Ornamental,
ORCHIDACEAE,"Macradenia multiflora",Ornamental,
ORCHIDACEAE,"Mapinguari desvauxianus",Ornamental,
ORCHIDACEAE,"Masdevallia discoidea",Ornamental,
ORCHIDACEAE,"Brasiliorchis consanguinea",Ornamental,
ORCHIDACEAE,"Maxillaria robusta",Ornamental,
ORCHIDACEAE,"Miltonia clowesii",Ornamental,
ORCHIDACEAE,"Miltonia flavescens",Ornamental,
ORCHIDACEAE,"Miltonia regnellii",Ornamental,
ORCHIDACEAE,"Miltonia spectabilis",Ornamental,
ORCHIDACEAE,"Neogardneria murrayana",Ornamental,
ORCHIDACEAE,"Octomeria diaphana",Ornamental,
ORCHIDACEAE,"Octomeria estrellensis",Ornamental,
ORCHIDACEAE,"Ornithocephalus myrticola",Ornamental,
ORCHIDACEAE,"Ornithophora radicans",Ornamental,
ORCHIDACEAE,"Pabstia jugosa",Ornamental,
ORCHIDACEAE,"Pabstia schunkiana",Ornamental,
ORCHIDACEAE,"Phragmipedium lindleyanum",Ornamental,
ORCHIDACEAE,"Phragmipedium vittatum",Ornamental,
ORCHIDACEAE,"Phymatidium falcifolium",Ornamental,
ORCHIDACEAE,"Pseudolaelia brejetubensis",Ornamental,
ORCHIDACEAE,"Rodriguezia obtusifolia",Ornamental,
ORCHIDACEAE,"Schomburgkia gloriosa",Ornamental,
ORCHIDACEAE,"Scuticaria irwiniana",Ornamental,
ORCHIDACEAE,"Scuticaria itirapinensis",Ornamental,
ORCHIDACEAE,"Selenipedium isabelianum","Cosméticos e perfumaria",
ORCHIDACEAE,"Sobralia liliastrum",Ornamental,
ORCHIDACEAE,"Sophronitis cernua",Ornamental,
ORCHIDACEAE,"Stanhopea insignis",Ornamental,
ORCHIDACEAE,"Stanhopea lietzei",Ornamental,
ORCHIDACEAE,"Trichocentrum albococcineum",Ornamental,
ORCHIDACEAE,"Trichocentrum fuscum",Ornamental,
ORCHIDACEAE,"Trichopilia santoslimae",Ornamental,
ORCHIDACEAE,"Trigonidium latifolium",Ornamental,
ORCHIDACEAE,"Warczewiczella candida",Ornamental,
ORCHIDACEAE,"Zootrophion atropurpureum",Ornamental,
ORCHIDACEAE,"Zygopetalum brachypetalum",Ornamental,
ORCHIDACEAE,"Zygopetalum maculatum",Ornamental,
ORCHIDACEAE,"Zygopetalum maxillare",Ornamental,
ORCHIDACEAE,"Zygopetalum pedicellatum",Ornamental,
ORCHIDACEAE,"Zygostates bradei",Ornamental,
ORCHIDACEAE,"Zygostates pellucida",Ornamental,
OROBANCHACEAE,"Agalinis communis",Bioativo,
OROBANCHACEAE,"Escobedia grandiflora",Bioativo,
PASSIFLORACEAE,"Passiflora actinia",Alimentício,
PASSIFLORACEAE,"Passiflora amethystina",Ornamental,
PHYTOLACCACEAE,"Trichostigma octandrum","Confecção de ferramentas e utensílios",
PHYTOLACCACEAE,"Trichostigma octandrum",Bioativo,
PIPERACEAE,"Piper hayneanum",Bioativo,
PIPERACEAE,"Piper scutifolium",Bioativo,
PLANTAGINACEAE,"Angelonia integerrima",Bioativo,
PLANTAGINACEAE,"Plantago australis",Bioativo,
PLANTAGINACEAE,"Plantago guilleminiana",Bioativo,
PLANTAGINACEAE,"Plantago guilleminiana",Bioativo,
POACEAE,"Agenium leptocladum",Forrageiro,
POACEAE,"Anthaenantiopsis fiebrigii",Forrageiro,
POACEAE,"Apoclada simplex",Madeireiro,
POACEAE,"Arthropogon villosus",Forrageiro,
POACEAE,"Aulonemia effusa",Ornamental,
POACEAE,"Axonopus fastigiatus","Confecção de ferramentas e utensílios",
POACEAE,"Axonopus pressus","Restauração Ambiental",
POACEAE,"Bothriochloa laguroides",Forrageiro,
POACEAE,"Ctenium cirrhosum",Ornamental,
POACEAE,"Danthonia cirrata",Forrageiro,
POACEAE,"Deschampsia caespitosa","Restauração Ambiental",
POACEAE,"Diandrolyra tatianae",Ornamental,
POACEAE,"Filgueirasia cannavieira",Forrageiro,
POACEAE,"Gymnopogon burchellii",Bioativo,
POACEAE,"Hymenachne donacifolia",Bioativo,
POACEAE,"Loudetia flammida",Forrageiro,
POACEAE,"Merostachys neesii","Confecção de ferramentas e utensílios",
POACEAE,"Merostachys skvortzovii",Madeireiro,
POACEAE,"Merostachys skvortzovii","Confecção de ferramentas e utensílios",
POACEAE,"Mesosetum ferrugineum",Forrageiro,
POACEAE,"Paspalum jesuiticum",Forrageiro,
POACEAE,"Paspalum macranthecium",Forrageiro,
POACEAE,"Paspalum umbrosum",Forrageiro,
POACEAE,"Paspalum umbrosum","Restauração Ambiental",
POACEAE,"Stipa setigera",Forrageiro,
POACEAE,"Streptochaeta spicata","Confecção de ferramentas e utensílios",
PODOCARPACEAE,"Podocarpus brasiliensis",Madeireiro,
PODOCARPACEAE,"Podocarpus lambertii",Madeireiro,
PODOCARPACEAE,"Podocarpus lambertii",Bioativo,
PODOCARPACEAE,"Podocarpus lambertii","Confecção de ferramentas e utensílios",
PODOCARPACEAE,"Podocarpus lambertii","Restauração Ambiental",
PODOCARPACEAE,"Podocarpus lambertii",Ornamental,
PODOSTEMACEAE,"Mourera fluviatilis",Alimentício,
POLYGALACEAE,"Polygala sabulosa",Bioativo,
POLYGALACEAE,"Polygala sabulosa",Bioativo,
PROTEACEAE,"Euplassa cantareirae","Restauração Ambiental",
PROTEACEAE,"Euplassa cantareirae",Madeireiro,
PROTEACEAE,"Roupala sculpta",Madeireiro,
QUILLAJACEAE,"Quillaja brasiliensis","Restauração Ambiental",
QUILLAJACEAE,"Quillaja brasiliensis",Melífero,
QUILLAJACEAE,"Quillaja brasiliensis",Bioativo,
QUILLAJACEAE,"Quillaja brasiliensis",Madeireiro,
RANUNCULACEAE,"Anemone decapetala",Bioativo,
RHAMNACEAE,"Colletia paradoxa",Bioativo,
RHAMNACEAE,"Colletia paradoxa",Ornamental,
RHAMNACEAE,"Colubrina glandulosa",Madeireiro,
RHAMNACEAE,"Discaria americana",Bioativo,
RUBIACEAE,"Bathysa australis",Bioativo,
RUBIACEAE,"Bathysa cuspidata",Bioativo,
RUBIACEAE,"Carapichea ipecacuanha",Bioativo,
RUBIACEAE,"Carapichea ipecacuanha",Bioativo,
RUBIACEAE,"Carapichea ipecacuanha",Bioativo,
RUBIACEAE,"Coussarea hydrangeifolia",Bioativo,
RUBIACEAE,"Genipa americana",Alimentício,
RUBIACEAE,"Genipa infundibuliformis",Alimentício,
RUBIACEAE,"Melanopsidium nigrum","Confecção de ferramentas e utensílios",
RUBIACEAE,"Melanopsidium nigrum",Alimentício,
RUBIACEAE,"Palicourea tetraphylla",Bioativo,
RUBIACEAE,"Posoqueria latifolia",Ornamental,
RUBIACEAE,"Simira gardneriana",Madeireiro,
RUBIACEAE,"Simira gardneriana",Forrageiro,
RUBIACEAE,"Tocoyena sellowiana",Bioativo,
RUTACEAE,"Balfourodendron riedelianum",Madeireiro,
RUTACEAE,"Esenbeckia hieronymi",Ornamental,
RUTACEAE,"Esenbeckia leiocarpa",Madeireiro,
SALICACEAE,"Casearia gossypiosperma",Bioativo,
SANTALACEAE,"Jodina rhombifolia",Bioativo,
SANTALACEAE,"Jodina rhombifolia",Bioativo,
SAPINDACEAE,"Cupania furfuracea","Energia e Combustíveis",
SAPINDACEAE,"Dilodendron bipinnatum","Energia e Combustíveis",
SAPINDACEAE,"Dilodendron bipinnatum",Ornamental,
SAPINDACEAE,"Magonia pubescens",Bioativo,
SAPINDACEAE,"Serjania cuspidata",Bioativo,
SAPINDACEAE,"Talisia subalbens",Alimentício,
SAPOTACEAE,"Chrysophyllum inornatum","Confecção de ferramentas e utensílios",
SAPOTACEAE,"Chrysophyllum viride","Confecção de ferramentas e utensílios",
SAPOTACEAE,"Manilkara dardanoi","Confecção de ferramentas e utensílios",
SAPOTACEAE,"Manilkara elata","Confecção de ferramentas e utensílios",
SAPOTACEAE,"Manilkara huberi",Madeireiro,
SAPOTACEAE,"Manilkara paraensis",Madeireiro,
SAPOTACEAE,"Micropholis williamii",Madeireiro,
SAPOTACEAE,"Pouteria macrocarpa",Madeireiro,
SAPOTACEAE,"Pouteria macrocarpa",Alimentício,
SAPOTACEAE,"Pouteria oppositifolia",Madeireiro,
SAPOTACEAE,"Pouteria pachycalyx",Bioativo,
SAPOTACEAE,"Pouteria pachycalyx","Confecção de ferramentas e utensílios",
SAPOTACEAE,"Pouteria pachycalyx",Alimentício,
SAPOTACEAE,"Pouteria platyphylla",Madeireiro,
SAPOTACEAE,"Pouteria sagotiana",Madeireiro,
SAPOTACEAE,"Sideroxylon obtusifolium","Energia e Combustíveis",
SAPOTACEAE,"Sideroxylon obtusifolium",Bioativo,
SAPOTACEAE,"Sideroxylon obtusifolium",Ornamental,
SCHIZAEACEAE,"Schizaea elegans",Bioativo,
SELAGINELLACEAE,"Selaginella convoluta",Bioativo,
SELAGINELLACEAE,"Selaginella convoluta",Bioativo,
SIMAROUBACEAE,"Picrasma crenata",Bioativo,
SIMAROUBACEAE,"Simaba glabra",Bioativo,
SIPARUNACEAE,"Siparuna brasiliensis",Bioativo,
SIPARUNACEAE,"Siparuna brasiliensis",Bioativo,
SIPARUNACEAE,"Siparuna reginae",Bioativo,
SMILACACEAE,"Smilax goyazana",Bioativo,
SMILACACEAE,"Smilax japicanga",Bioativo,
SMILACACEAE,"Smilax japicanga",Bioativo,
SMILACACEAE,"Smilax longifolia",Bioativo,
SOLANACEAE,"Nicotiana mutabilis",Ornamental,
SOLANACEAE,"Solanum jabrense",Bioativo,
SOLANACEAE,"Solanum reitzii",Bioativo,
SOLANACEAE,"Solanum reitzii",Melífero,
TROPAEOLACEAE,"Tropaeolum pentaphyllum",Bioativo,
ULMACEAE,"Phyllostylon rhamnoides",Madeireiro,
ULMACEAE,"Phyllostylon rhamnoides",Alimentício,
VELLOZIACEAE,"Vellozia canelinha",Bioativo,
VERBENACEAE,"Aloysia hatschbachii",Bioativo,
VERBENACEAE,"Lippia alnifolia",Bioativo,
VOCHYSIACEAE,"Vochysia angelica",Madeireiro,
WINTERACEAE,"Drimys angustifolia",Bioativo,
XYRIDACEAE,"Xyris hystrix",Ornamental,
ANNONACEAE,"Annona spinescens",Bioativo,
ANNONACEAE,"Duguetia glabriuscula",Bioativo,
ASTERACEAE,"Lychnophoriopsis candelabrum",Bioativo,
DIOSCOREACEAE,"Dioscorea trifida",Bioativo,
FABACEAE,"Amburana cearensis","Confecção de ferramentas e utensílios",
FABACEAE,"Amburana cearensis",Bioativo,
GESNERIACEAE,"Sinningia brasiliensis",Ornamental,
GESNERIACEAE,"Sinningia defoliata",Ornamental,
GESNERIACEAE,"Sinningia douglasii",Ornamental,
LAURACEAE,"Ocotea pomaderroides",Bioativo,
LAURACEAE,"Ocotea pulchella","Confecção de ferramentas e utensílios",
LAURACEAE,"Ocotea pulchella",Ornamental,
LAURACEAE,"Ocotea pulchella","Restauração Ambiental",
MALVACEAE,"Luehea candicans",Madeireiro,
MALVACEAE,"Luehea candicans","Restauração Ambiental",
MALVACEAE,"Luehea candicans",Ornamental,
ORCHIDACEAE,"Brasilidium marshallianum",Ornamental,
ORCHIDACEAE,"Hadrolaelia crispa",Ornamental,
ORCHIDACEAE,"Rodriguezia venusta",Ornamental,
SALICACEAE,"Salix humboldtiana",Madeireiro,
ZINGIBERACEAE,"Renealmia petasites",Bioativo,
