"Familia";"Especie";"Habito";"Fenologia";"Luminosidade";"Substrato";"Longevidade";"Rebroto"
ERIOCAULACEAE;Comanthera pignalii;herb;;heliophytic;terrestrial;perennial;;
Fabaceae;Albizia robsonii;small tree;semideciduifolia;heliophytic;terrestrial;unkown;unkown;
RUBIACEAE;Bradea borrerioides;subshrub;perenifolia;mesophytic;saxicolous;unkown;unkown;
BROMELIACEAE;Encholirum splendidum;herb;;;rupicolous;;;
BROMELIACEAE;Encholirium splendidum;herb;;;rupicolous;;;
ERIOCAULACEAE;Syngonanthus incurvifolius;herb;perenifolia;heliophytic;terrestrial;perennial;unkown;
ERIOCAULACEAE;Syngonanthus vittatus;herb;perenifolia;heliophytic;terrestrial;perennial;;
CYPERACEAE;Abildgaardia papillosa;herb;;;;anual;unkown;
ORCHIDACEAE;Acianthera amaralii;herb;;;;unkown;unkown;
MALPIGHIACEAE;Acmanthera fernandesii;tree;;;;;;
ERIOCAULACEAE;Actinocephalus aggregatus;herb;;;;unkown;unkown;
ERIOCAULACEAE;Actinocephalus callophyllus;herb;;;;unkown;unkown;
ERIOCAULACEAE;Actinocephalus compactus;herb;;;;perennial;unkown;
ERIOCAULACEAE;Actinocephalus coutoensis;herb;;;;perennial;unkown;
ERIOCAULACEAE;Actinocephalus deflexus;herb;;;;perennial;unkown;
ERIOCAULACEAE;Actinocephalus diffusus;herb;;;;unkown;unkown;
ERIOCAULACEAE;Actinocephalus falcifolius;herb;;;;unkown;unkown;
ERIOCAULACEAE;Actinocephalus fimbriatus;herb;;;;unkown;unkown;
ERIOCAULACEAE;Actinocephalus glabrescens;herb;;;;unkown;unkown;
ERIOCAULACEAE;Actinocephalus graminifolius;herb;;;;unkown;unkown;
ERIOCAULACEAE;Actinocephalus herzogii;herb;;;;unkown;unkown;
ERIOCAULACEAE;Actinocephalus nodifer;herb;;;;unkown;unkown;
ERIOCAULACEAE;Actinocephalus robustus;herb;;;;unkown;unkown;
ERIOCAULACEAE;Actinocephalus stereophyllus;herb;;;;unkown;unkown;
BIGNONIACEAE;Adenocalymma subspicatum;liana;;;;unkown;unkown;
FABACEAE;Aeschynomene graminoides;herb;;;terrestrial;unkown;yes;
FABACEAE;Aeschynomene simplicifolia;herb;;;;unkown;yes;
BROMELIACEAE;Alcantarea burle-marxii;herb;;heliophytic;rupicolous;unkown;unkown;
BROMELIACEAE;Alcantarea hatschbachii;herb;;;rupicolous;unkown;unkown;
ALSTROEMERIACEAE;Alstroemeria chapadensis;herb;;;;unkown;unkown;
MALPIGHIACEAE;Amorimia velutina;liana;;;;;;
POACEAE;Andropogon campestris;herb;;;;perennial;unkown;
PLANTAGINACEAE;Angelonia pratensis;herb;;;;unkown;yes;
ARACEAE;Anthurium megapetiolatum;herb;;;;unkown;unkown;
CUCURBITACEAE;Apodanthera villosa;liana;;;;unkown;unkown;
APODANTHACEAE;Apodanthes minarum;liana;;;epiphytic;unkown;unkown;
POLYGALACEAE;Asemeia marquesiana;herb;deciduifolia;;terrestrial;;;
POLYGALACEAE;Asemeia pohliana;herb;;;terrestrial;;;
ASTERACEAE;Aspilia discolor;subshrub;;;;unkown;unkown;
ASTERACEAE;Aspilia goiazensis;herb;;;;unkown;unkown;
ASTERACEAE;Aspilia hatschbachii;bush;;heliophytic;saxicolous;unkown;unkown;
ASTERACEAE;Aspilia podophylla;subshrub;;;;unkown;unkown;
ASTERACEAE;Aspilia pseudoyedaea;subshrub;;heliophytic;saxicolous;unkown;unkown;
ARECACEAE;Attalea pindobassu;tree;;;;unkown;yes;
POACEAE;Axonopus aureus;herb;;;;perennial;yes;
POACEAE;Axonopus grandifolius;herb;;;terrestrial;anual;unkown;
MALPIGHIACEAE;Banisteriopsis arborea;tree;;;;;;
MALPIGHIACEAE;Banisteriopsis byssacea;bush;;;;;;
MALPIGHIACEAE;Banisteriopsis goiana;bush;;;;;;
VELLOZIACEAE;Barbacenia andersonii;herb;;;;unkown;unkown;
VELLOZIACEAE;Barbacenia blackii;herb;;;;unkown;unkown;
VELLOZIACEAE;Barbacenia contasana;herb;;;;unkown;unkown;
VELLOZIACEAE;Barbacenia cylindrica;herb;;;;unkown;unkown;
VELLOZIACEAE;Barbacenia fulva;herb;;;;unkown;unkown;
VELLOZIACEAE;Barbacenia glabra;herb;;;;unkown;unkown;
VELLOZIACEAE;Barbacenia hatschbachii;herb;;;;unkown;unkown;
VELLOZIACEAE;Barbacenia lymansmithii;herb;;;;unkown;unkown;
VELLOZIACEAE;Barbacenia minima;herb;;;;unkown;unkown;
VELLOZIACEAE;Barbacenia reflexa;herb;;;;perennial;unkown;
VELLOZIACEAE;Barbacenia regis;herb;;;;unkown;unkown;
VELLOZIACEAE;Barbacenia umbrosa;herb;;;;unkown;unkown;
VELLOZIACEAE;Barbacenia williamsii;;;;;unkown;unkown;
APOCYNACEAE;Barjonia grazielae;bush;;;;unkown;unkown;
FABACEAE;Bauhinia candelabriformis;bush;;;;unkown;unkown;
FABACEAE;Bauhinia leptantha;bush;;;;unkown;yes;
FABACEAE;Bauhinia malacotrichoides;herb;;;;unkown;yes;
ASTERACEAE;Bidens edentula;bush;;;;unkown;unkown;
APOCYNACEAE;Blepharodon hatschbachii;herb;;;;unkown;unkown;
FABACEAE;Bocoa ratteri;tree;;;;unkown;unkown;
CONVOLVULACEAE;Bonamia kuhlmannii;liana;;;;unkown;unkown;
RUBIACEAE;Borreria amapaensis;herb;;;;unkown;unkown;
RUBIACEAE;Borreria burchellii;;;;;unkown;unkown;
RUBIACEAE;Borreria gracillima;;;;;unkown;unkown;
RUBIACEAE;Borreria guimaraesensis;herb;;;;unkown;unkown;
RUBIACEAE;Borreria irwiniana;;;;;unkown;yes;
RUBIACEAE;Borreria paulista;;;;;unkown;unkown;
RUBIACEAE;Borreria rosmarinifolia;;;;;unkown;unkown;
RUBIACEAE;Borreria tocantinsiana;;;;;anual;unkown;
VERBENACEAE;Bouchea chascanoides;bush;;;;;;
VERBENACEAE;Bouchea fluminensis;herb;;;;perennial;;
SOLANACEAE;Brunfelsia rupestris;bush;;;;unkown;unkown;
SCROPHULARIACEAE;Buddleja longiflora;bush;;;;unkown;unkown;
SCROPHULARIACEAE;Buddleja speciosissima;bush;;;;unkown;unkown;
CYPERACEAE;Bulbostylis lombardii;herb;;;;perennial;unkown;
MALPIGHIACEAE;Byrsonima cordifolia;tree;;;;;;
MALPIGHIACEAE;Byrsonima hatschbachii;bush;;;;;;
ASTERACEAE;Calea irwinii;bush;;heliophytic;;unkown;unkown;
FABACEAE;Calliandra gardneri;bush;;;;unkown;unkown;
FABACEAE;Calliandra imbricata;bush;;;;unkown;unkown;
FABACEAE;Calliandra linearis;herb;;;;unkown;yes;
FABACEAE;Calliandra santosiana;bush;;;;unkown;unkown;
FABACEAE;Calliandra semisepulta;bush;;;;unkown;yes;
VOCHYSIACEAE;Callisthene erythroclada;tree;;;;unkown;unkown;
MYRTACEAE;Calycolpus australis;bush;;;;unkown;unkown;
MELASTOMATACEAE;Cambessedesia cambessedesioides;bush;perenifolia;heliophytic;terrestrial;perennial;unkown;
MELASTOMATACEAE;Cambessedesia pityrophylla;bush;;heliophytic;terrestrial;unkown;unkown;
MELASTOMATACEAE;Cambessedesia salviifolia;bush;;;;unkown;unkown;
MELASTOMATACEAE;Cambessedesia semidecandra;subshrub;;heliophytic;terrestrial;unkown;unkown;
CUCURBITACEAE;Cayaponia rugosa;herb;;;;unkown;unkown;
MELASTOMATACEAE;Chaetostoma flavum;bush;;;;unkown;unkown;
MELASTOMATACEAE;Chaetostoma inerme;bush;;;;unkown;unkown;
MELASTOMATACEAE;Chaetostoma scoparium;bush;;;;unkown;unkown;
MELASTOMATACEAE;Chaetostoma selagineum;bush;;;;unkown;unkown;
MELASTOMATACEAE;Chaetostoma stenocladon;bush;;;;unkown;unkown;
FABACEAE;Chamaecrista adamantina;bush;;;terrestrial;unkown;unkown;
FABACEAE;Chamaecrista altoana;bush;;;terrestrial;unkown;unkown;
FABACEAE;Chamaecrista caiapo;bush;;;terrestrial;unkown;unkown;
FABACEAE;Chamaecrista caracensis;bush;;;;unkown;unkown;
FABACEAE;Chamaecrista catapodia;bush;;;terrestrial;unkown;unkown;
FABACEAE;Chamaecrista catiarae;bush;;;terrestrial;unkown;unkown;
FABACEAE;Chamaecrista centiflora;bush;;;terrestrial;unkown;unkown;
FABACEAE;Chamaecrista coradinii;bush;;;terrestrial;unkown;unkown;
FABACEAE;Chamaecrista coriacea;bush;;;rupicolous;unkown;unkown;
FABACEAE;Chamaecrista deltoidea;bush;;;terrestrial;unkown;unkown;
FABACEAE;Chamaecrista dumalis;bush;;;terrestrial;unkown;unkown;
FABACEAE;Chamaecrista ericifolia;bush;;;;unkown;unkown;
FABACEAE;Chamaecrista fuscescens;bush;;;terrestrial;unkown;unkown;
FABACEAE;Chamaecrista geraldii;bush;;;terrestrial;unkown;unkown;
FABACEAE;Chamaecrista gumminans;bush;;;;unkown;unkown;
FABACEAE;Chamaecrista gymnothyrsa;bush;;;;unkown;unkown;
FABACEAE;Chamaecrista hatschbachii;bush;;;;unkown;unkown;
FABACEAE;Chamaecrista itabiritoana;bush;;;;unkown;unkown;
FABACEAE;Chamaecrista ixodes;bush;;;;unkown;unkown;
FABACEAE;Chamaecrista lavradioides;bush;;;terrestrial;unkown;unkown;
FABACEAE;Chamaecrista leucopilis;bush;;;terrestrial;unkown;unkown;
FABACEAE;Chamaecrista macedoi;bush;;;terrestrial;unkown;unkown;
FABACEAE;Chamaecrista ochrosperma;herb;;;;unkown;unkown;
FABACEAE;Chamaecrista pachyclada;bush;;heliophytic;saxicolous;unkown;unkown;
FABACEAE;Chamaecrista phyllostachya;bush;;;terrestrial;unkown;unkown;
FABACEAE;Chamaecrista pilicarpa;bush;;;;unkown;unkown;
FABACEAE;Chamaecrista polymorpha;bush;;;;unkown;unkown;
FABACEAE;Chamaecrista psoraleopsis;bush;;;;unkown;unkown;
FABACEAE;Chamaecrista simplifacta;bush;;;terrestrial;unkown;unkown;
FABACEAE;Chamaecrista vauthieri;bush;;;terrestrial;unkown;yes;
FABACEAE;Chamaecrista virginis;bush;;;terrestrial;unkown;unkown;
ASTERACEAE;Chrysolaena dusenii;subshrub;;heliophytic;terrestrial;unkown;unkown;
CACTACEAE;Cipocereus pleurocarpus;herb;;;;unkown;unkown;
POLYGONACEAE;Coccoloba cereifera;bush;;heliophytic;saxicolous;unkown;unkown;
ERIOCAULACEAE;Comanthera cipoensis;herb;;;;unkown;unkown;
ERIOCAULACEAE;Comanthera circinnata;herb;;;;unkown;unkown;
ERIOCAULACEAE;Comanthera curralensis;herb;;;;unkown;unkown;
ERIOCAULACEAE;Comanthera floccosa;herb;;;;unkown;unkown;
ERIOCAULACEAE;Comanthera hatschbachii;herb;;;;unkown;unkown;
MELASTOMATACEAE;Comolia edmundoi;bush;;;;unkown;unkown;
FABACEAE;Crotalaria goiasensis;bush;;;terrestrial;perennial;unkown;
FABACEAE;Crotalaria irwinii;bush;;;terrestrial;unkown;unkown;
FABACEAE;Crotalaria rufipila;bush;;heliophytic;terrestrial;unkown;yes;
EUPHORBIACEAE;Croton arlineae;bush;;;;unkown;unkown;
CYPERACEAE;Cryptangium humile;herb;;;;perennial;unkown;
CYPERACEAE;Cryptangium polyphyllum;herb;;;;perennial;unkown;
BROMELIACEAE;Cryptanthus leopoldo-horstii;herb;;;;unkown;unkown;
LYTHRACEAE;Cuphea anamariae;bush;;;;unkown;unkown;
LYTHRACEAE;Cuphea cunninghamiifolia;;;;;unkown;unkown;
LYTHRACEAE;Cuphea disperma;bush;;;;unkown;unkown;
LYTHRACEAE;Cuphea fuchsiifolia;bush;;;;unkown;unkown;
LYTHRACEAE;Cuphea glareosa;bush;;;;unkown;unkown;
LYTHRACEAE;Cuphea lucens;bush;;;;unkown;unkown;
LYTHRACEAE;Cuphea potamophila;bush;;;;unkown;unkown;
LYTHRACEAE;Cuphea sclerophylla;bush;;;;unkown;unkown;
LYTHRACEAE;Cuphea sincorana;bush;;;;unkown;unkown;
LYTHRACEAE;Cuphea warmingii;bush;;;;unkown;unkown;
LYTHRACEAE;Cuphea xanthopetala;bush;;;;;;
CYPERACEAE;Cyperus almensis;herb;;;;perennial;unkown;
ASTERACEAE;Dasyphyllum reticulatum;bush;;;;unkown;unkown;
ASTERACEAE;Dasyphyllum retinens;bush;;;;unkown;unkown;
ASTERACEAE;Dasyphyllum trichophyllum;bush;;;;unkown;unkown;
FABACEAE;Desmodium glabrescens;bush;;;;unkown;unkown;
FABACEAE;Desmodium juruenense;bush;;;;unkown;unkown;
POACEAE;Dichanthelium aequivaginatum;herb;;;;anual;unkown;
POACEAE;Dichanthelium assurgens;herb;;heliophytic;;perennial;unkown;
POACEAE;Dichanthelium congestum;herb;;;rupicolous;perennial;unkown;
POACEAE;Dichanthelium sendulskyii;herb;;;rupicolous;anual;unkown;
POACEAE;Digitaria chaseae;herb;;;;anual;unkown;
POACEAE;Digitaria pampinosa;herb;;;;anual;unkown;
RUBIACEAE;Diodia macrophylla;herb;;;;anual;unkown;
EBENACEAE;Diospyros mexiae;tree;;;;perennial;unkown;
LYTHRACEAE;Diplusodon adpressipilus;bush;;;;unkown;unkown;
LYTHRACEAE;Diplusodon alatus;bush;;;;;;
LYTHRACEAE;Diplusodon appendiculosus;bush;;;;;;
LYTHRACEAE;Diplusodon argenteus;herb;;;;unkown;unkown;
LYTHRACEAE;Diplusodon bradei;bush;;;;unkown;unkown;
LYTHRACEAE;Diplusodon canastrensis;bush;;;;;;
LYTHRACEAE;Diplusodon capitalensis;bush;;;;;;
LYTHRACEAE;Diplusodon capitatus;bush;;;;;;
LYTHRACEAE;Diplusodon chapadensis;bush;;;;;;
LYTHRACEAE;Diplusodon decussatus;bush;;;;;;
LYTHRACEAE;Diplusodon floribundus;bush;;;;unkown;unkown;
LYTHRACEAE;Diplusodon glocimarii;bush;;;;;;
LYTHRACEAE;Diplusodon grahamae;bush;;;;;;
LYTHRACEAE;Diplusodon heringeri;bush;;;;;;
LYTHRACEAE;Diplusodon leucocalycinus;bush;;;;;;
LYTHRACEAE;Diplusodon longipes;bush;;;;;;
LYTHRACEAE;Diplusodon mattogrossensis;bush;;;;;;
LYTHRACEAE;Diplusodon mononeuros;bush;;;;unkown;unkown;
LYTHRACEAE;Diplusodon nigricans;bush;;;;unkown;unkown;
LYTHRACEAE;Diplusodon parvifolius;bush;;;;unkown;unkown;
LYTHRACEAE;Diplusodon petiolatus;bush;;;;unkown;unkown;
LYTHRACEAE;Diplusodon plumbeus;bush;;;;unkown;unkown;
LYTHRACEAE;Diplusodon pygmaeus;bush;;;;unkown;unkown;
LYTHRACEAE;Diplusodon rosmarinifolius;bush;;;;unkown;unkown;
LYTHRACEAE;Diplusodon rotundifolius;bush;;;;unkown;unkown;
LYTHRACEAE;Diplusodon rupestris;bush;;;;unkown;unkown;
LYTHRACEAE;Diplusodon saxatilis;bush;;;;unkown;unkown;
LYTHRACEAE;Diplusodon sigillatus;bush;;;;unkown;unkown;
LYTHRACEAE;Diplusodon sordidus;bush;;;;unkown;unkown;
LYTHRACEAE;Diplusodon thysanosepalus;bush;;;;unkown;unkown;
LYTHRACEAE;Diplusodon trigintus;bush;;;;unkown;unkown;
APOCYNACEAE;Ditassa emmerichii;bush;;;;unkown;unkown;
APOCYNACEAE;Ditassa insignis;liana;;;;unkown;unkown;
APOCYNACEAE;Ditassa obscura;liana;;;;unkown;unkown;
MORACEAE;Dorstenia contensis;herb;;;;unkown;unkown;
MORACEAE;Dorstenia strangii;herb;;;;unkown;unkown;
ANNONACEAE;Duguetia rotundifolia;bush;;;;unkown;unkown;
ORCHIDACEAE;Dungsia marcaliana;herb;;;;unkown;unkown;
BROMELIACEAE;Dyckia argentea;herb;;;rupicolous;unkown;unkown;
BROMELIACEAE;Dyckia brachyphylla;herb;;;rupicolous;unkown;unkown;
BROMELIACEAE;Dyckia bracteata;herb;;;rupicolous;unkown;unkown;
BROMELIACEAE;Dyckia densiflora;herb;;;rupicolous;unkown;unkown;
BROMELIACEAE;Dyckia elongata;herb;;;;;;
BROMELIACEAE;Dyckia mello-barretoi;herb;;;rupicolous;unkown;unkown;
BROMELIACEAE;Dyckia pectinata;herb;;;rupicolous;unkown;unkown;
ALISMATACEAE;Echinodorus lanceolatus;herb;;;;;;
CYPERACEAE;Eleocharis loefgreniana;herb;;;;perennial;yes;
CYPERACEAE;Eleocharis morroi;herb;;;;anual;unkown;
CYPERACEAE;Eleocharis olivaceonux;herb;;;;perennial;yes;
BROMELIACEAE;Encholirium reflexum;herb;;;rupicolous;unkown;unkown;
ASTERACEAE;Eremanthus pabstii;bush;;;;unkown;unkown;
ERIOCAULACEAE;Eriocaulon aquatile;herb;;;;unkown;unkown;
ERIOCAULACEAE;Eriocaulon burchellii;herb;;;;unkown;unkown;
ERIOCAULACEAE;Eriocaulon cipoense;herb;;;;unkown;unkown;
ERIOCAULACEAE;Eriocaulon griseum;herb;;;;anual;unkown;
ERIOCAULACEAE;Eriocaulon papillosum;herb;;;;;;
LAMIACEAE;Eriope angustifolia;bush;;;;perennial;unkown;
LAMIACEAE;Eriope confusa;bush;;;;unkown;unkown;
LAMIACEAE;Eriope filifolia;bush;;;;unkown;unkown;
LAMIACEAE;Eriope montana;bush;;;;unkown;unkown;
LAMIACEAE;Eriope sincorana;bush;;;;unkown;unkown;
LAMIACEAE;Eriope xavantium;bush;;;;unkown;;
OROBANCHACEAE;Esterhazya nanuzae;bush;;;;unkown;unkown;
CONVOLVULACEAE;Evolvulus chapadensis;bush;;;;unkown;unkown;
CONVOLVULACEAE;Evolvulus gnaphalioides;bush;;;;unkown;unkown;
MORACEAE;Ficus carautana;tree;;;;unkown;unkown;
RUBIACEAE;Galianthe macedoi;;;;;anual;unkown;
RUBIACEAE;Galianthe matogrossiana;;;;;unkown;unkown;
AMARANTHACEAE;Gomphrena hermogenesii;herb;;;;unkown;yes;
AMARANTHACEAE;Gomphrena hillii;bush;;;;unkown;yes;
AMARANTHACEAE;Gomphrena marginata;herb;;;;unkown;yes;
POACEAE;Guadua magna;tree;;;;unkown;unkown;
ORCHIDACEAE;Habenaria meeana;herb;;;;unkown;unkown;
ORCHIDACEAE;Habenaria pseudohamata;herb;;;;unkown;unkown;
ORCHIDACEAE;Hadrolaelia praestans;herb;;;;unkown;unkown;
CHRYSOBALANACEAE;Hirtella juruensis;tree;;;;;;
ORCHIDACEAE;Hoffmannseggella pendula;herb;;;;unkown;unkown;
ORCHIDACEAE;Hoffmannseggella pfisteri;herb;;;;unkown;unkown;
LAMIACEAE;Hypenia concinna;bush;;;;unkown;unkown;
LAMIACEAE;Hypenia paradisi;bush;;;;unkown;unkown;
LAMIACEAE;Hyptidendron dictiocalyx;bush;;;;unkown;unkown;
LAMIACEAE;Hyptis argyrophylla;bush;;;;unkown;unkown;
LAMIACEAE;Hyptis asteroides;herb;;;;unkown;unkown;
LAMIACEAE;Hyptis caduca;herb;;;;anual;unkown;
LAMIACEAE;Hyptis coriacea;bush;;;;unkown;unkown;
LAMIACEAE;Hyptis cuniloides;bush;;;;;;
LAMIACEAE;Hyptis dictyodea;bush;;;;unkown;unkown;
LAMIACEAE;Hyptis hagei;bush;;;;unkown;unkown;
LAMIACEAE;Hyptis halimifolia;bush;;;;unkown;unkown;
LAMIACEAE;Hyptis heterophylla;bush;;;;unkown;unkown;
LAMIACEAE;Hyptis humilis;herb;;;;unkown;unkown;
LAMIACEAE;Hyptis irwinii;bush;;;;unkown;unkown;
LAMIACEAE;Hyptis loeseneriana;herb;;;;perennial;unkown;
LAMIACEAE;Hyptis nivea;bush;;;;unkown;unkown;
LAMIACEAE;Hyptis nubicola;bush;;;;unkown;unkown;
LAMIACEAE;Hyptis silvinae;bush;;;;unkown;unkown;
LAMIACEAE;Hyptis tenuifolia;bush;;;;unkown;unkown;
ASTERACEAE;Ichthyothere mattogrossensis;herb;;;;unkown;unkown;
ASTERACEAE;Ichthyothere petiolata;herb;;;;unkown;unkown;
AQUIFOLIACEAE;Ilex mucugensis;bush;;;;unkown;unkown;
CONVOLVULACEAE;Ipomoea calyptrata;liana;;;;unkown;unkown;
BIGNONIACEAE;Jacaranda racemosa;bush;;;;unkown;unkown;
MALPIGHIACEAE;Janusia christianeae;bush;;;;;;
ACANTHACEAE;Justicia clivalis;bush;perenifolia;;;unkown;unkown;
CALOPHYLLACEAE;Kielmeyera anisosepala;bush;;;;unkown;unkown;
CALOPHYLLACEAE;Kielmeyera juruensis;bush;;;;unkown;unkown;
CALOPHYLLACEAE;Kielmeyera similis;bush;;;;unkown;unkown;
CALOPHYLLACEAE;Kielmeyera trichophora;bush;;;;unkown;yes;
CYPERACEAE;Lagenocarpus adamantinus;herb;;;;perennial;unkown;
CUNONIACEAE;Lamanonia brasiliensis;tree;;;;unkown;unkown;
VERBENACEAE;Lantana gracilis;bush;;;;;;
BROMELIACEAE;Lapanthus itambensis;herb;;;rupicolous;unkown;unkown;
MELASTOMATACEAE;Lavoisiera adamantium;bush;;heliophytic;rupicolous;unkown;unkown;
MELASTOMATACEAE;Lavoisiera angustifolia;bush;;heliophytic;rupicolous;unkown;unkown;
MELASTOMATACEAE;Lavoisiera bradeana;bush;;heliophytic;rupicolous;unkown;unkown;
MELASTOMATACEAE;Lavoisiera caryophyllea;herb;;heliophytic;saxicolous;unkown;unkown;
MELASTOMATACEAE;Lavoisiera firmula;bush;;heliophytic;saxicolous;unkown;unkown;
MELASTOMATACEAE;Lavoisiera harleyi;bush;;heliophytic;saxicolous;unkown;unkown;
MELASTOMATACEAE;Lavoisiera humilis;herb;;heliophytic;saxicolous;unkown;unkown;
MELASTOMATACEAE;Lavoisiera macrocarpa;bush;;heliophytic;saxicolous;unkown;yes;
MELASTOMATACEAE;Lavoisiera mucorifera;bush;;heliophytic;saxicolous;unkown;unkown;
MELASTOMATACEAE;Lavoisiera punctata;bush;;heliophytic;saxicolous;unkown;unkown;
MELASTOMATACEAE;Lavoisiera senaei;bush;;heliophytic;saxicolous;unkown;unkown;
MELASTOMATACEAE;Lavoisiera subulata;bush;;heliophytic;saxicolous;unkown;unkown;
MELASTOMATACEAE;Lavoisiera tetragona;herb;;heliophytic;saxicolous;unkown;unkown;
ERIOCAULACEAE;Leiothrix cipoensis;herb;;;;unkown;unkown;
ERIOCAULACEAE;Leiothrix crassifolia;herb;;;;unkown;unkown;
ERIOCAULACEAE;Leiothrix distichoclada;herb;;;;unkown;unkown;
ERIOCAULACEAE;Leiothrix fulgida var. milho-verdensis;herb;;;;;;
ERIOCAULACEAE;Leiothrix luxurians;herb;;;;unkown;unkown;
ERIOCAULACEAE;Leiothrix rupestris;herb;;;;unkown;unkown;
ERIOCAULACEAE;Leiothrix sclerophylla;herb;;;;unkown;unkown;
ERIOCAULACEAE;Leiothrix sinuosa;herb;;;;unkown;unkown;
ERIOCAULACEAE;Leiothrix spiralis;herb;;;;unkown;unkown;
ORCHIDACEAE;Leptotes vellozicola;herb;;;;unkown;unkown;
ASTERACEAE;Lessingianthus arachniolepis;bush;;;;unkown;unkown;
ASTERACEAE;Lessingianthus argenteus;herb;;;;unkown;unkown;
ASTERACEAE;Lessingianthus caiapoensis;herb;;;;unkown;unkown;
ASTERACEAE;Lessingianthus heringeri;bush;;;;unkown;unkown;
ASTERACEAE;Lessingianthus rugulosus;bush;;;terrestrial;;;
ASTERACEAE;Lessingianthus scaposus;herb;;;terrestrial;;;
CHRYSOBALANACEAE;Licania maguirei;tree;;;;unkown;unkown;
VERBENACEAE;Lippia ciliata;;;;;;;
VERBENACEAE;Lippia diamantinensis;bush;;;;;;
VERBENACEAE;Lippia duartei;bush;;;;unkown;unkown;
VERBENACEAE;Lippia gardneriana;bush;;;;unkown;unkown;
VERBENACEAE;Lippia grandiflora;bush;;;;unkown;unkown;
VERBENACEAE;Lippia macedoi;bush;;;;unkown;unkown;
VERBENACEAE;Lippia rubella;bush;;;;unkown;unkown;
CAMPANULACEAE;Lobelia brasiliensis;herb;;;;unkown;unkown;
BALANOPHORACEAE;Lophophytum rizzoi;herb;;;;perennial;no;
BIGNONIACEAE;Lundia damazii;liana;;;;unkown;unkown;
OCHNACEAE;Luxemburgia ciliatibracteata;bush;;heliophytic;saxicolous;perennial;unkown;
OCHNACEAE;Luxemburgia damazioana;bush;;;;perennial;unkown;
OCHNACEAE;Luxemburgia diciliata;bush;;;;perennial;unkown;
OCHNACEAE;Luxemburgia hatschbachiana;bush;;;;perennial;unkown;
OCHNACEAE;Luxemburgia speciosa;bush;;;;perennial;unkown;
MONIMIACEAE;Macropeplus schwackeanus;tree;;;;unkown;unkown;
APOCYNACEAE;Mandevilla rubra;liana;;;;unkown;unkown;
APOCYNACEAE;Mandevilla semirii;liana;;;;unkown;unkown;
APOCYNACEAE;Marsdenia neomanarae;bush;;;;unkown;unkown;
APOCYNACEAE;Marsdenia sessilifolia;bush;;;;unkown;unkown;
APOCYNACEAE;Marsdenia virgultorum;bush;;;;unkown;unkown;
MALPIGHIACEAE;Mascagnia aptera;bush;;;;;;
APOCYNACEAE;Matelea matogrossensis;liana;;;;unkown;unkown;
APOCYNACEAE;Matelea refracta;bush;;;;unkown;unkown;
CELASTRACEAE;Maytenus opaca;bush;;;;unkown;yes;
POACEAE;Mesosetum alatum;herb;;;;perennial;unkown;
POACEAE;Mesosetum longiaristatum;herb;;;rupicolous;anual;yes;
MELASTOMATACEAE;Microlicia balsamifera;bush;;heliophytic;saxicolous;unkown;unkown;
MELASTOMATACEAE;Microlicia cipoana;herb;;heliophytic;saxicolous;unkown;unkown;
MELASTOMATACEAE;Microlicia crebropunctata;herb;;heliophytic;saxicolous;unkown;unkown;
MELASTOMATACEAE;Microlicia giuliettiana;bush;;heliophytic;saxicolous;unkown;unkown;
MELASTOMATACEAE;Microlicia minima;bush;;heliophytic;saxicolous;unkown;unkown;
MELASTOMATACEAE;Microlicia monticola;bush;;heliophytic;saxicolous;unkown;unkown;
MELASTOMATACEAE;Microlicia mucugensis;bush;;heliophytic;saxicolous;unkown;unkown;
MELASTOMATACEAE;Microlicia noblickii;bush;;heliophytic;saxicolous;unkown;unkown;
MELASTOMATACEAE;Microlicia oligochaeta;bush;;heliophytic;saxicolous;unkown;unkown;
MELASTOMATACEAE;Microlicia ordinata;bush;;;;unkown;unkown;
MELASTOMATACEAE;Microlicia petasensis;bush;;heliophytic;saxicolous;unkown;unkown;
MELASTOMATACEAE;Microlicia pinheiroi;bush;;heliophytic;saxicolous;unkown;unkown;
MELASTOMATACEAE;Microlicia scoparia;herb;;heliophytic;saxicolous;unkown;unkown;
MELASTOMATACEAE;Microlicia sincorensis;bush;;heliophytic;saxicolous;unkown;unkown;
MELASTOMATACEAE;Microlicia subaequalis;bush;;heliophytic;saxicolous;unkown;unkown;
MELASTOMATACEAE;Microlicia subalata;bush;;heliophytic;saxicolous;unkown;unkown;
MELASTOMATACEAE;Microlicia suborbicularifolia;bush;;heliophytic;saxicolous;unkown;unkown;
MELASTOMATACEAE;Microlicia tenuifolia;herb;;heliophytic;saxicolous;unkown;unkown;
MELASTOMATACEAE;Microlicia trichocalycina;herb;;heliophytic;;unkown;unkown;
MELASTOMATACEAE;Microlicia vernicosa;bush;;heliophytic;;unkown;unkown;
FABACEAE;Mimosa cryptothamnos;bush;;;;unkown;unkown;
FABACEAE;Mimosa cyclophylla;bush;;;;unkown;unkown;
FABACEAE;Mimosa decorticans;tree;;heliophytic;;unkown;yes;
FABACEAE;Mimosa humivagans;bush;;;;unkown;unkown;
FABACEAE;Mimosa laniceps;bush;;heliophytic;;unkown;unkown;
FABACEAE;Mimosa lepidophora;bush;;;;unkown;unkown;
FABACEAE;Mimosa manidea;bush;;;;unkown;unkown;
FABACEAE;Mimosa oligosperma;bush;;;;unkown;unkown;
FABACEAE;Mimosa pycnocoma;bush;;;;unkown;unkown;
FABACEAE;Mimosa pyrenea;bush;;;;unkown;unkown;
FABACEAE;Mimosa regina;tree;;;;unkown;unkown;
FABACEAE;Mimosa setosissima;bush;;;;unkown;unkown;
FABACEAE;Mimosa splendida;tree;;;;unkown;unkown;
FABACEAE;Mimosa ulbrichiana;bush;;;;unkown;unkown;
FABACEAE;Mimosa ulei;bush;;heliophytic;saxicolous;unkown;unkown;
FABACEAE;Mimosa virgula;bush;;heliophytic;;unkown;unkown;
APOCYNACEAE;Minaria campanuliflora;bush;;;;unkown;unkown;
ASTERACEAE;Minasia cabralensis;herb;;;terrestrial;;;
ASTERACEAE;Minasia lewinsohnii;herb;;;terrestrial;;;
RUBIACEAE;Mitracarpus pusillus;;;;;anual;unkown;
FABACEAE;Moldenhawera acuminata;bush;;;;unkown;unkown;
PRIMULACEAE;Myrsine cipoensis;bush;;;;unkown;unkown;
APOCYNACEAE;Nephradenia filipes;bush;;;;unkown;unkown;
POACEAE;Ophiochloa bryoides;herb;;;rupicolous;anual;unkown;
BROMELIACEAE;Orthophytum mello-barretoi;herb;;heliophytic;rupicolous;unkown;unkown;
BROMELIACEAE;Orthophytum schulzianum;herb;;;rupicolous;unkown;unkown;
LORANTHACEAE;Oryctina eubrachioides;herb;;;hemiepiphytes;unkown;unkown;
POACEAE;Otachyrium piligerum;herb;;;;perennial;unkown;
OCHNACEAE;Ouratea acicularis;bush;;;;unkown;unkown;
OXALIDACEAE;Oxalis areolata;herb;;;;unkown;unkown;
OXALIDACEAE;Oxalis pretoensis;herb;;;;unkown;unkown;
OXALIDACEAE;Oxalis veadeirosensis;bush;;;;unkown;unkown;
APOCYNACEAE;Oxypetalum habrogynum;liana;;;;unkown;unkown;
APOCYNACEAE;Oxypetalum helios;liana;;;;unkown;unkown;
APOCYNACEAE;Oxypetalum pardense;bush;semideciduifolia;;;unkown;unkown;
ERIOCAULACEAE;Paepalanthus albidus;herb;;;;anual;unkown;
ERIOCAULACEAE;Paepalanthus albo-tomentosus;herb;;;;unkown;unkown;
ERIOCAULACEAE;Paepalanthus almasensis;herb;;;;unkown;unkown;
ERIOCAULACEAE;Paepalanthus anamariae;herb;;;;unkown;unkown;
ERIOCAULACEAE;Paepalanthus argenteus;herb;;;;perennial;unkown;
ERIOCAULACEAE;Paepalanthus aureus;herb;;;;unkown;unkown;
ERIOCAULACEAE;Paepalanthus barbiger;herb;;;;unkown;unkown;
ERIOCAULACEAE;Paepalanthus barbulatus;herb;;;;unkown;unkown;
ERIOCAULACEAE;Paepalanthus cinereus;herb;;;;unkown;unkown;
ERIOCAULACEAE;Paepalanthus complanatus;herb;;;;unkown;unkown;
ERIOCAULACEAE;Paepalanthus contasensis;herb;;;;unkown;unkown;
ERIOCAULACEAE;Paepalanthus cordatus;herb;;;;unkown;unkown;
ERIOCAULACEAE;Paepalanthus digitiformis;herb;;;;unkown;unkown;
ERIOCAULACEAE;Paepalanthus erigeron;herb;;;;unkown;unkown;
ERIOCAULACEAE;Paepalanthus globulifer;herb;;;;unkown;unkown;
ERIOCAULACEAE;Paepalanthus harleyi;herb;;;;unkown;unkown;
ERIOCAULACEAE;Paepalanthus homomallus;herb;;;;unkown;unkown;
ERIOCAULACEAE;Paepalanthus inopinatus;herb;;;;unkown;unkown;
ERIOCAULACEAE;Paepalanthus luetzelburgii;herb;;;;unkown;unkown;
ERIOCAULACEAE;Paepalanthus obtusifolius;herb;;;;unkown;unkown;
ERIOCAULACEAE;Paepalanthus pulvinatus;herb;;;;unkown;unkown;
ERIOCAULACEAE;Paepalanthus revolutus;herb;;;;unkown;unkown;
ERIOCAULACEAE;Paepalanthus rupestris;herb;;;;anual;unkown;
ERIOCAULACEAE;Paepalanthus senaeanus;herb;;;;unkown;unkown;
ERIOCAULACEAE;Paepalanthus stannardii;herb;;;;unkown;unkown;
ERIOCAULACEAE;Paepalanthus stuetzelii;herb;;;;unkown;unkown;
ERIOCAULACEAE;Paepalanthus superbus;herb;;;;unkown;unkown;
ERIOCAULACEAE;Paepalanthus urbanianus;herb;;;;unkown;unkown;
GESNERIACEAE;Paliavana plumerioides;bush;;;;unkown;unkown;
POACEAE;Panicum ephemeroides;herb;;;terrestrial;anual;unkown;
POACEAE;Panicum noterophilum;herb;;;terrestrial;perennial;unkown;
POACEAE;Panicum nutabundum;herb;;;;anual;unkown;
CARYOPHYLLACEAE;Paronychia fasciculata;herb;;;;unkown;unkown;
POACEAE;Paspalum biaristatum;herb;;;terrestrial;perennial;unkown;
POACEAE;Paspalum brachytrichum;herb;;;rupicolous;perennial;unkown;
POACEAE;Paspalum burmanii;herb;;;rupicolous;perennial;unkown;
POACEAE;Paspalum cachimboense;herb;;;terrestrial;anual;unkown;
POACEAE;Paspalum filgueirasii;herb;;;;perennial;yes;
POACEAE;Paspalum longiaristatum;herb;;;;anual;unkown;
POACEAE;Paspalum petrense;herb;;;rupicolous;perennial;unkown;
POACEAE;Paspalum vallsii;herb;;;terrestrial;perennial;unkown;
PASSIFLORACEAE;Passiflora hypoglauca;liana;;;;unkown;unkown;
PASSIFLORACEAE;Passiflora mucugeana;liana;;;;unkown;unkown;
MALPIGHIACEAE;Peixotoa anadenanthera;bush;;;;;;
MALPIGHIACEAE;Peixotoa irwinii;bush;;;;;;
MALPIGHIACEAE;Peixotoa octoflora;bush;;;terrestrial;;;
PIPERACEAE;Peperomia warmingii;;;;;unkown;unkown;
SCROPHULARIACEAE;Philcoxia goiasensis;herb;;;;unkown;unkown;
SCROPHULARIACEAE;Philcoxia minensis;herb;;;;unkown;unkown;
ARACEAE;Philodendron cipoense;herb;;;;unkown;unkown;
ARACEAE;Philodendron pachyphyllum;herb;;;;unkown;unkown;
ARACEAE;Philodendron rhizomatosum;herb;;;;unkown;unkown;
SANTALACEAE;Phoradendron anamariae;herb;;;;unkown;unkown;
SANTALACEAE;Phoradendron dimerostachys;herb;;;;unkown;unkown;
SANTALACEAE;Phoradendron virens;herb;;;;unkown;unkown;
OROBANCHACEAE;Physocalyx scaberrimus;bush;;;;unkown;unkown;
TURNERACEAE;Piriqueta araguaiana;bush;;;;unkown;unkown;
TURNERACEAE;Piriqueta caiapoensis;herb;;;;unkown;unkown;
TURNERACEAE;Piriqueta cristobaliae;bush;;;;unkown;unkown;
TURNERACEAE;Piriqueta emasensis;herb;;heliophytic;hemiepiphytes;perennial;yes;
TURNERACEAE;Piriqueta lourteigiae;herb;;;terrestrial;unkown;unkown;
BROMELIACEAE;Pitcairnia curvidens;herb;;;rupicolous;unkown;unkown;
MYRTACEAE;Plinia nana;bush;;;;unkown;unkown;
ACANTHACEAE;Poikilacanthus bahiensis;bush;;;;perennial;unkown;
FABACEAE;Poiretia bahiana;bush;;;;unkown;unkown;
FABACEAE;Poiretia marginata;bush;;;;unkown;unkown;
FABACEAE;Poiretia unifoliolata;bush;;;;unkown;unkown;
POLYGALACEAE;Polygala apparicioi;herb;;;terrestrial;;;
POLYGALACEAE;Polygala asperuloides;herb;;;terrestrial;;;
POLYGALACEAE;Polygala bevilacquai;herb;;;terrestrial;;;
POLYGALACEAE;Polygala grazielae;bush;;;terrestrial;;;
POLYGALACEAE;Polygala irwinii;bush;;;terrestrial;;;
POLYGALACEAE;Polygala juncea;herb;;;terrestrial;;;
POLYGALACEAE;Polygala malmeana;herb;;;terrestrial;;;
POLYGALACEAE;Polygala patens;herb;;;terrestrial;bianual;;
POLYGALACEAE;Polygala pseudocoriacea;bush;;;terrestrial;;;
POLYGALACEAE;Polygala pseudoerica;bush;;;terrestrial;;;
POLYGALACEAE;Polygala suganumae;herb;;;terrestrial;bianual;;
POLYGALACEAE;Polygala trifurcata;bush;;;terrestrial;;;
POLYGALACEAE;Polygala vollii;herb;;;terrestrial;;;
GENTIANACEAE;Prepusa montana;bush;;;rupicolous;unkown;unkown;
BURSERACEAE;Protium dawsonii;tree;;;;unkown;unkown;
MYRTACEAE;Psidium firmum;bush;;;;unkown;unkown;
LORANTHACEAE;Psittacanthus acinarius;herb;;;hemiepiphytes;unkown;unkown;
RUBIACEAE;Psyllocarpus schwackei;;;;;perennial;unkown;
MALPIGHIACEAE;Pterandra hatschbachii;bush;;;terrestrial;;;
MALPIGHIACEAE;Pterandra viridiflora;bush;;;terrestrial;;;
MELASTOMATACEAE;Pterolepis rotundifolia;bush;;heliophytic;saxicolous;unkown;unkown;
VOCHYSIACEAE;Qualea elegans;bush;;;;unkown;;
APOCYNACEAE;Rauvolfia ligustrina;bush;;;;unkown;yes;
RHABDODENDRACEAE;Rhabdodendron gardneranum;bush;;;;unkown;unkown;
POACEAE;Rheochloa scabrifolia;herb;;;;perennial;unkown;
CACTACEAE;Rhipsalis agudoensis;bush;;;;unkown;unkown;
CYPERACEAE;Rhynchospora enmanuelis;herb;;;;perennial;unkown;
CYPERACEAE;Rhynchospora tenuis;herb;;;;unkown;unkown;
CONNARACEAE;Rourea chrysomalla;bush;;;;unkown;unkown;
CONNARACEAE;Rourea prancei;liana;;;;unkown;unkown;
CONNARACEAE;Rourea tenuis;bush;;;;unkown;unkown;
POACEAE;Rupichloa acuminata;herb;;;;perennial;unkown;
ORCHIDACEAE;Sarcoglottis riocontensis;herb;;;;unkown;unkown;
OCHNACEAE;Sauvagesia lanceolata;herb;;;;unkown;unkown;
OCHNACEAE;Sauvagesia oliveirae;bush;;;;unkown;unkown;
OCHNACEAE;Sauvagesia ribeiroi;bush;;;;unkown;unkown;
ARALIACEAE;Schefflera botumirimensis;bush;;;;;;
ARALIACEAE;Schefflera cephalantha;bush;;;;;;
ARALIACEAE;Schefflera fruticosa;bush;;;;;;
ARALIACEAE;Schefflera lucumoides;bush;;;;;;
SCHOEPFIACEAE;Schoepfia velutina;bush;;;;unkown;unkown;
GENTIANACEAE;Schultesia bahiensis;herb;;;;unkown;unkown;
GENTIANACEAE;Schultesia crenuliflora;herb;;;;anual;unkown;
GENTIANACEAE;Schultesia irwiniana;herb;;heliophytic;;unkown;unkown;
GENTIANACEAE;Schultesia pachyphylla;herb;;heliophytic;;unkown;yes;
GENTIANACEAE;Schultesia piresiana;herb;;;;unkown;unkown;
GENTIANACEAE;Schultesia sucreana;herb;;heliophytic;rupicolous;unkown;unkown;
CYPERACEAE;Scleria cuyabensis;herb;;;;anual;unkown;
POLYGALACEAE;Securidaca acuminata;bush;;;terrestrial;;;
SOLANACEAE;Solanum eitenii;bush;;;;unkown;unkown;
POACEAE;Sporobolus hians;herb;;;;perennial;unkown;
POACEAE;Sporobolus paucifolius;herb;;;;perennial;unkown;
VERBENACEAE;Stachytarpheta ajugifolia;bush;;;;;;
VERBENACEAE;Stachytarpheta bicolor;bush;;;;unkown;unkown;
VERBENACEAE;Stachytarpheta discolor;bush;;;;unkown;unkown;
VERBENACEAE;Stachytarpheta froesii;bush;;;;unkown;unkown;
VERBENACEAE;Stachytarpheta galactea;bush;;;;unkown;unkown;
VERBENACEAE;Stachytarpheta integrifolia;bush;;;;unkown;unkown;
VERBENACEAE;Stachytarpheta itambensis;bush;;;;unkown;unkown;
VERBENACEAE;Stachytarpheta lacunosa;bush;;;;;unkown;
VERBENACEAE;Stachytarpheta lychnitis;bush;;;;unkown;unkown;
VERBENACEAE;Stachytarpheta monachinoi;herb;;;;unkown;unkown;
VERBENACEAE;Stachytarpheta pohliana;bush;;;;unkown;unkown;
RUBIACEAE;Staelia tocantinsiana;;;;;unkown;unkown;
ACANTHACEAE;Staurogyne minarum;bush;;;;unkown;unkown;
ACANTHACEAE;Stenandrium goiasense;herb;;;;perennial;unkown;
ACANTHACEAE;Stenandrium irwinii;herb;;;;perennial;unkown;
ASTERACEAE;Stenophalium heringeri;herb;;;terrestrial;;;
ASTERACEAE;Stevia resinosa;herb;;;terrestrial;;;
MALPIGHIACEAE;Stigmaphyllon jobertii;liana;;;;;;
POACEAE;Streptostachys lanciflora;herb;;;;perennial;unkown;
LORANTHACEAE;Struthanthus microstylus;herb;;;;unkown;unkown;
LORANTHACEAE;Struthanthus planaltinae;herb;;;hemiepiphytes;unkown;unkown;
LORANTHACEAE;Struthanthus pusillifolius;herb;;;hemiepiphytes;unkown;unkown;
LORANTHACEAE;Struthanthus rufo-furfuraceus;herb;;;;unkown;unkown;
LOGANIACEAE;Strychnos cerradoensis;liana;;;;unkown;unkown;
ARECACEAE;Syagrus werdermannii;tree;;;;unkown;yes;
SYMPLOCACEAE;Symplocos glaberrima;bush;;;;unkown;unkown;
SYMPLOCACEAE;Symplocos insolita;bush;;;;unkown;unkown;
SYMPLOCACEAE;Symplocos saxatilis;bush;;;;unkown;unkown;
ERIOCAULACEAE;Syngonanthus bracteosus;herb;;;;unkown;unkown;
ERIOCAULACEAE;Syngonanthus hygrotrichus;herb;;;;unkown;unkown;
ERIOCAULACEAE;Syngonanthus latifolius;herb;;;;unkown;unkown;
APOCYNACEAE;Tassadia geniculata;liana;;;;unkown;unkown;
APOCYNACEAE;Tassadia rizzoana;liana;;;;unkown;unkown;
BROMELIACEAE;Tillandsia copynii;herb;;;epiphytic;unkown;unkown;
BROMELIACEAE;Tillandsia sprengeliana;herb;;;rupicolous;unkown;unkown;
MELASTOMATACEAE;Trembleya rosmarinoides;bush;;heliophytic;saxicolous;unkown;unkown;
COMMELINACEAE;Tripogandra elata;herb;;;;perennial;unkown;
COMMELINACEAE;Tripogandra warmingiana;herb;semideciduifolia;;;anual;unkown;
TURNERACEAE;Turnera asymmetrica;bush;;;;perennial;unkown;
TURNERACEAE;Turnera cipoensis;herb;;;;perennial;unkown;
TURNERACEAE;Turnera coccinea;bush;;;terrestrial;perennial;unkown;
TURNERACEAE;Turnera collotricha;herb;;;;unkown;unkown;
TURNERACEAE;Turnera coriacea;herb;;;terrestrial;unkown;unkown;
TURNERACEAE;Turnera elliptica;herb;;;;unkown;unkown;
TURNERACEAE;Turnera foliosa;herb;;;terrestrial;unkown;unkown;
TURNERACEAE;Turnera gardneriana;bush;;;;unkown;unkown;
TURNERACEAE;Turnera ignota;herb;;;rupicolous;unkown;unkown;
TURNERACEAE;Turnera luetzelburgii;bush;;;terrestrial;unkown;unkown;
TURNERACEAE;Turnera pinifolia;herb;;;rupicolous;;unkown;
TURNERACEAE;Turnera princeps;bush;;;terrestrial;unkown;unkown;
TURNERACEAE;Turnera reginae;herb;;;terrestrial;unkown;unkown;
TURNERACEAE;Turnera revoluta;bush;;;;perennial;unkown;
TURNERACEAE;Turnera riedeliana;herb;;;;perennial;unkown;
LENTIBULARIACEAE;Utricularia huntii;herb;perenifolia;;;perennial;;
VELLOZIACEAE;Vellozia bradei;;;;;unkown;unkown;
VELLOZIACEAE;Vellozia costata;herb;;;;unkown;unkown;
VELLOZIACEAE;Vellozia crinita;herb;;;;unkown;unkown;
VELLOZIACEAE;Vellozia exilis;herb;;;;unkown;unkown;
VELLOZIACEAE;Vellozia graomogolensis;;;;;unkown;unkown;
VELLOZIACEAE;Vellozia luteola;;;;;unkown;unkown;
VELLOZIACEAE;Vellozia maxillarioides;;;;;unkown;unkown;
VELLOZIACEAE;Vellozia prolifera;;;;;unkown;unkown;
VELLOZIACEAE;Vellozia sellowii;herb;;;;unkown;unkown;
VELLOZIACEAE;Vellozia spiralis;;;;;unkown;unkown;
VELLOZIACEAE;Vellozia tillandsioides;;;;;unkown;unkown;
VELLOZIACEAE;Vellozia torquata;;;;;unkown;unkown;
ASTERACEAE;Vernonanthura almedae;bush;;;;;;
ASTERACEAE;Vernonanthura lindbergii;bush;;;terrestrial;;;
VOCHYSIACEAE;Vochysia petraea;;;;;unkown;;
VOCHYSIACEAE;Vochysia pygmaea;bush;;;;unkown;unkown;
VOCHYSIACEAE;Vochysia rotundifolia;bush;;;;;;
BROMELIACEAE;Vriesea densiflora;herb;;heliophytic;rupicolous;unkown;unkown;
ASTERACEAE;Wedelia souzae;bush;;;;;;
XYRIDACEAE;Xyris archeri;herb;deciduifolia;;;;;
XYRIDACEAE;Xyris diaphanobracteata;herb;;;;;;
XYRIDACEAE;Xyris goyazensis;herb;;;;;;
XYRIDACEAE;Xyris itambensis;herb;;;;;;
XYRIDACEAE;Xyris jataiana;herb;;;;;;
XYRIDACEAE;Xyris lanuginosa;herb;;;;;;
XYRIDACEAE;Xyris mertensiana;herb;;;;perennial;;
XYRIDACEAE;Xyris obcordata;herb;;;;perennial;;
XYRIDACEAE;Xyris paradisiaca;herb;;;;perennial;;
XYRIDACEAE;Xyris picea;herb;;;;perennial;;
XYRIDACEAE;Xyris pranceana;herb;perenifolia;;;;;
XYRIDACEAE;Xyris rupicola;herb;perenifolia;;;;;
XYRIDACEAE;Xyris spectabilis;herb;perenifolia;;;;;
XYRIDACEAE;Xyris subsetigera;herb;perenifolia;;;;;
XYRIDACEAE;Xyris veruina;herb;perenifolia;;;;;
XYRIDACEAE;Xyris vestita;herb;;;;perennial;;
XYRIDACEAE;Xyris villosicarinata;herb;;;;;;
FABACEAE;Zornia glaziovii;bush;;;terrestrial;unkown;unkown;
FABACEAE;Zornia subsessilis;bush;;;;unkown;unkown;
